Subject,Topic,Source URLs,Verified Claims,Hinglish Script,Safety Boundary,Error
"Sleep, stress, and memory consolidation","Sleep, stress, and memory consolidation",Division of Sleep Medicine at Harvard Medical School — https://sleep.hms.harvard.edu/education-training/public-education/sleep-health-education-88; Yale Medicine — https://medicine.yale.edu/news-article/sleeps-crucial-role-in-preserving-memory/; National Center for Biotechnology Information PMC — https://pmc.ncbi.nlm.nih.gov/articles/PMC3079906/,"Sleep plays a critical role in memory consolidation by stabilizing and storing newly learned information; Inadequate sleep and sleep loss impair both memory encoding and consolidation processes; Stress and sleep interact bidirectionally, where elevated stress hormones can disrupt sleep and affect cognitive function.","Doston, kya aapne kabhi socha hai ki jab aap raat ko padhte hain, toh subah sab kuch yaad kaise rehta hai? Iske peeche hai memory consolidation, jo ki sleep ke dauran hoti hai. Jab hum deep sleep mein hote hain, toh hamara brain din bhar ke experiences aur factual information ko stabilize karke safe storage mein transfer karta hai. Lekin agar aapko bahut zyada stress hai, toh cortisol jaise stress hormones badh jaate hain, jo sleep cycle ko disrupt karte hain. Isse brain ki newly learned facts ko process karne ki capability weak ho jaati hai. Isiliye, acchi neend lena aur stress manage karna memory aur brain health ke liye behad zaroori hai. Yeh sirf general education ke liye hai; personal health concerns ke liye qualified professional se consult karein.",General education only; consult a qualified professional for personal concerns.,
Consistent wake times and circadian rhythm,Consistent wake times and circadian rhythm,About Sleep — https://www.cdc.gov/sleep/about/index.html; Circadian Rhythms — https://www.nigms.nih.gov/education/fact-sheets/Pages/circadian-rhythms,"Circadian rhythms are natural 24-hour biological patterns that regulate the human sleep-wake cycle; Maintaining consistent wake and sleep times helps reinforce internal circadian alignment and support healthy sleep habits; Irregular sleep schedules and inconsistent wake times can lead to short-term drowsiness, poor focus, and decreased mental alertness.","Hello doston! Kya aapka sleep schedule weekend par badal jata hai? Aaj baat karte hain consistent wake times aur hamari body ke internal clock yaani circadian rhythm ke baare mein. Circadian rhythms natural twenty-four hour patterns hote hain jo sleep-wake cycle, alertness aur daily bodily functions ko regulate karte hain. Jab aap roz subah ek hi time par uthte hain, toh aapki biological clock ko clear environmental cues milte hain, jisse internal rhythm strong banta hai. Iske opposite, irregular wake times se short-term drowsiness, poor focus aur low energy feel ho sakti hai. General education ke liye yeh yaad rakhein ki daily consistent schedule maintain karna sleep quality aur overall well-being ko support kar sakta hai. Yeh general health education ke liye hai; consult a qualified professional for personal health concerns.",General education only; consult a qualified professional for personal concerns.,
Morning daylight and sleep timing,Morning daylight and sleep timing,"The role of sunlight in sleep regulation: analysis of morning sunlight exposure — https://pmc.ncbi.nlm.nih.gov/articles/PMC12502225/; Good Light, Bad Light, and Better Sleep — https://www.thensf.org/good-light-bad-light-and-better-sleep/; Entrainment of the human circadian clock to the natural light-dark cycle — https://www.cell.com/current-biology/fulltext/S0960-9822(13)00764-1","Morning sunlight exposure, particularly before 10 a.m., is associated with earlier sleep timing and an earlier midpoint of sleep; The human circadian rhythm is especially sensitive to natural light exposure occurring shortly after waking; Natural light-dark cycles help entrain the internal biological clock, regulating cycles of alertness and sleepiness","Kya aapko raat ko sone me mushkil hoti hai? Subah ki dhoop aapke sleep cycle ko set karne me madad kar sakti hai. Research kehti hai ki subah ka daylight, khaas kar subah das baje se pehle, aapke internal circadian rhythm ko entrain karta hai. Iska matlab hai ki jab aap subah uthte hi natural light me aate hain, toh aapka brain samajhta hai ki din shuru ho gaya hai. National Sleep Foundation ke mutabiq, aapki biological clock subah uthne ke ek ghante baad light ke prati sabse zyada sensitive hoti hai. Yeh morning light exposure aapke sleep timing ko advance karta hai aur raat ko waqt par neend aane me madad karta hai. Yeh kewal general education ke liye hai; qualified professional se salah lein.",General education only; consult a qualified professional for personal concerns.,
"Evening screens, light exposure, and sleep wind-down","Evening screens, light exposure, and sleep wind-down","Blue Light: What It Is and How It Affects Sleep - Sleep Foundation — https://www.sleepfoundation.org/bedroom-environment/blue-light; Blue light has a dark side - Harvard Health — https://www.health.harvard.edu/healthy-aging-and-longevity/blue-light-has-a-dark-side; Good Light, Bad Light, and Better Sleep - National Sleep Foundation — https://www.thensf.org/good-light-bad-light-and-better-sleep/","Exposure to blue light in the evening can suppress melatonin production and delay circadian rhythms; Light emitted from electronic screens tricks the brain into thinking it is still daytime, promoting wakefulness; Establishing a pre-sleep wind-down routine and reducing screen time before bed helps improve overall sleep quality.","Kya aap raat ko sone se pehle apne phone ya laptop scroll karte hain? Agar haan, toh ye aapki overall sleep quality ko affect kar sakta hai. Electronic screens se aane wali blue light hamare brain ko signal deti hai ki abhi din hai. Isse melatonin ka production suppress ho jata hai aur circadian rhythm disrupt hota hai. Iske alawa, stimulating content jaise social media mind ko alert rakhte hain. Better sleep ke liye sleep experts suggest karte hain ki bedtime se kam se kam ek ghanta pehle screens ko off kar dein. Ek calm wind-down routine apnayein jaise reading ya relaxing music sunna. Yeh habit aapko restful sleep dene mein help karti hai. General education only; consult a qualified professional for personal sleep concerns.",General education only; consult a qualified professional for personal sleep concerns.,
Caffeine timing and sleep quality,Caffeine timing and sleep quality,Sleep Foundation — https://www.sleepfoundation.org/nutrition/caffeine-and-sleep; Harvard Health Publishing — https://www.health.harvard.edu/healthy-aging-and-longevity/3-ways-to-get-more-restful-sleep; National Center for Biotechnology Information — https://pmc.ncbi.nlm.nih.gov/articles/PMC3805807/,"Caffeine blocks adenosine receptors in the brain, promoting wakefulness and delaying sleepiness; Consuming caffeine up to 6 hours before bedtime can significantly reduce total sleep time and disrupt sleep continuity; Avoiding caffeine by early afternoon or 6 to 8 hours prior to bedtime helps support natural sleep architecture and quality.","Kya aapko raat ko sone mein mushkil hoti hai? Iska reason aapka afternoon coffee habit ho sakta hai! Caffeine hamare brain mein adenosine receptors ko block karta hai, jisse sleepiness delay hoti hai aur alertness banti rehti hai. Research batati hai ki caffeine consume karne ke 6 hours baad bhi yeh sleep quality aur total sleep time ko negatively affect kar sakta hai. Isiliye, experts recommend karte hain ki aap afternoon ke baad ya bedtime se kam se kam 6 se 8 hours pehle caffeine avoid karein. Apni last cup coffee ko early afternoon tak limit karna ek simple lifestyle adjustment hai jo restful sleep support kar sakta hai. General education only; consult a professional for personal sleep concerns.",General education only; consult a qualified professional for personal concerns.,
Short movement breaks and attention,Short movement breaks and attention,Physical Activity Boosts Brain Health — https://www.cdc.gov/physical-activity/features/boost-brain-health.html; Exercise and Stress: Get Moving to Manage Stress — https://www.mayoclinic.org/healthy-lifestyle/stress-management/in-depth/exercise-and-stress/art-20044469,Regular physical activity and short bursts of movement can boost brain functions such as attention and memory; Taking short midmorning or afternoon breaks to move and stretch helps manage stress and improve focus; Exercise can indirectly improve thinking skills by reducing stress and improving mood.,"Hey guys! Kya aapka bhi long working hours ya study sessions ke baad focus lose ho jata hai? Science kehta hai ki chote movement breaks aapki attention aur mental clarity ko instantly boost kar sakte hain. CDC aur Mayo Clinic ke mutabiq, jab aap apne schedule mein short bursts of physical activity add karte hain, toh blood flow badhta hai, stress kam hota hai, aur focus sharpen hota hai. Ek quick stretch ya chota walk lene se mental fatigue reduce hoti hai aur task switching asaan ho jati hai. Yeh sirf general education ke liye hai; agar aapko koi personal health concern hai, toh kisi qualified professional se consult karein. Toh aaj se hi har ek ghante ke baad ek chota movement break zaroor lein!",General education only; consult a qualified professional for personal concerns.,
Regular physical activity and stress resilience,Regular physical activity and stress resilience,Exercising to Relax — https://www.health.harvard.edu/healthy-aging-and-longevity/exercising-to-relax; Exercise and stress: Get moving to manage stress — https://www.mayoclinic.org/healthy-lifestyle/stress-management/in-depth/exercise-and-stress/art-20044469,"Regular physical activity is associated with increased stress resilience and emotional robustness against acute stress; Exercise reduces stress hormones and stimulates the production of endorphins, which help foster relaxation; Physical activity helps improve mood and reduce feelings of tension, worry, and restlessness.","Hello dosto! Kya aapko pata hai ki regular physical activity sirf physical fitness ke liye nahi, balki mental well-being aur stress resilience ke liye bhi kitni important hai? Science aur research kehti hai ki jab hum daily routine mein exercise ya koi bhi moderate physical activity karte hain, toh body stress hormones ko reduce karti hai aur endorphins release karti hai. Yeh natural brain chemicals aapka mood improve karte hain aur daily tension, worry ya restlessness ko kam karne mein help karte hain. Studies se pata chalta hai ki regular exercisers acute stress ke samne zyada emotionally resilient hote hain. Yeh video sirf general education ke liye hai; agar aapko personal health concerns hain, toh kisi qualified professional se consult karein. Aise hi informative wellness tips ke liye follow karte rahein!",General education only; consult a qualified professional for personal concerns.,
Social connection and everyday wellbeing,Social connection and everyday wellbeing,"Social Connection - CDC — https://www.cdc.gov/social-connectedness/about/index.html; The importance of connections: Ways to live a longer, healthier life - Harvard T.H. Chan School of Public Health — https://hsph.harvard.edu/news/the-importance-of-connections-ways-to-live-a-longer-healthier-life/","Social connection can help reduce the risk of chronic conditions such as heart disease, stroke, and depression; Strong social ties and regular interaction are associated with enhanced longevity and better overall health outcomes; Positive social connections support psychological wellbeing by helping to manage and alleviate stress levels.","Doston, kya aapne kabhi notice kiya hai ki jab aap friends aur family ke sath time spend karte hain, toh aapko kitna relax feel hota hai? Science kehti hai ki strong social connections sirf mood hi accha nahi karte, balki everyday wellbeing aur long-term health ke liye bhi essential hain. CDC aur Harvard research ke mutabik, acchi social ties chronic conditions jaise heart disease aur depression ka risk kam karne mein help karti hain. Regular positive interactions stress levels ko bhi manage karne mein madad karte hain. Yeh sirf general education aur awareness ke liye hai; personal health concerns ke liye hamesha qualified professional se consult karein. Toh aaj hi apne kisi dear one ko call karein ya milen, kyunki healthy connections aapki overall life quality ko boost karte hain!",General education only; consult a qualified professional for personal health concerns.,
"Balanced meals, energy stability, and mood","Balanced meals, energy stability, and mood",Harvard Health Publishing — https://www.health.harvard.edu/blog/nutritional-psychiatry-your-brain-on-food-201511168626; National Institutes of Health PubMed Central — https://pmc.ncbi.nlm.nih.gov/articles/PMC7322666/,"What you eat directly affects the structure and function of the brain and your mood; Healthy eating patterns, such as nutrient-dense diets, are associated with better mental health and emotional well-being; Stabilizing blood sugar through balanced meals containing protein, fiber, and complex carbohydrates helps maintain consistent energy and mood.","Doston, kya aapne notice kiya hai ki jab aap heavy sugar ya junk food khate hain, toh kuch der baad energy down ho jati hai aur mood bhi off lagne lagta hai? Yeh bilkul random nahi hai. Science kehti hai ki hamara brain aur diet directly connected hain. Jab aap balanced meals lete hain, jismein protein, fiber aur complex carbs hote hain, toh blood sugar stable rehti hai. Isse aapko din bhar steady energy milti hai aur mood swings bhi control mein rehte hain. Whole foods aur nutritious diet hamare mental health ko support karte hain. Yeh video sirf general education ke liye hai. Agar aapko koi personal health concern hai, toh kisi qualified professional se consult karein. Healthy khayein, energetic rahein!",General education only; consult a qualified professional for personal concerns.,
Habit design: environment cues and small routines,Habit design: environment cues and small routines,Making Health Habitual — https://pmc.ncbi.nlm.nih.gov/articles/PMC3505409/; Healthy Habits That Last — https://www.uab.edu/medicine/news/comprehensive-healthy-living-research-center/healthy-habits-that-last,"Habits are automatic responses triggered by established environmental cues that reduce dependence on conscious willpower; Associating a new routine with a stable contextual cue facilitates long-term behavioral consistency; Implementing small, manageable routines makes habit formation more sustainable over time.","Namaste dosto! Aaj hum baat karenge habit design aur environment cues ke baare mein. General education ke liye, ye samajhna zaroori hai ki naye habits banana sirf willpower par depend nahi karta, balki hamare aas-paas ke environment par bhi depend karta hai. Research kehti hai ki jab hum apne environment mein clear cues set karte hain, jaise subah uthte hi paani ki bottle samne rakhna, toh brain ke liye action lena asaan ho jata hai. Iske sath, chote routines yaani 'tiny habits' se shuruat karna bahut helpful hota hai. Bade goals ke bajaye chote steps lene se consistency banti hai aur automatic response develop hota hai. Yaad rakhiye, ye sirf general health education ke liye hai; personal concerns ya health conditions ke liye hamesha qualified professional se consult karein. Small changes, big impact!",General education only; consult a qualified professional for personal concerns.,
