Subject,Topic Title,Content Pillar,Validated Core Claim,Hinglish Angle,Research Sources,Safety Boundary,Production Priority,Error
"Sleep environment: bedroom darkness, noise, and comfort as contextual sleep supports","Creating a Dark, Quiet, and Comfortable Sleep Environment",Sleep,"Maintaining a dark, quiet, and comfortable bedroom environment helps minimize sensory disruptions and supports consistent, uninterrupted rest without guaranteeing specific health outcomes or treating medical sleep disorders.","Kya aapka bedroom sone ke liye ekdam dark, quiet aur comfortable hai? Room me curtains dark rakhne aur unwanted noise kam karne se aapko peaceful sleep environment mil sakta hai.",CDC — https://www.cdc.gov/niosh/work-hour-training-for-nurses/longhours/mod6/02.html | Sleep Foundation — https://www.sleepfoundation.org/bedroom-environment,"This educational content is for informational purposes only and does not diagnose sleep disorders, prescribe medical treatments, or guarantee specific health outcomes.",18,
Wind-down routines as a transition cue before bedtime,Wind-Down Routines as a Bedtime Transition Cue,Sleep,"Establishing a consistent wind-down routine before bed helps signal your body that it is time to rest, supporting a smoother transition into sleep.",Sone se pehle ek calm wind-down routine follow karne se body ko relaxation ka signal milta hai. Yeh chhota sa transition phase aapko bina stress ke aaram se sleep mode me jaane me help karta hai.,Sleep Foundation — https://www.sleepfoundation.org/sleep-hygiene/bedtime-routine-for-adults | Harvard Health — https://www.health.harvard.edu/healthy-aging-and-longevity/sleep-hygiene-simple-practices-for-better-rest,This educational content does not diagnose sleep disorders or replace professional medical advice; consult a healthcare provider for persistent sleep difficulties.,18,
Napping: timing and sleep pressure as general education,Smart Napping: Timing and Sleep Pressure Guide,Sleep,Brief early afternoon naps of twenty minutes help restore alertness by working with natural circadian dips and sleep pressure without interfering with nighttime sleep.,"Thoda sa afternoon nap lene se alertness badh sakti hai, kyonki yeh body ke natural circadian dip aur sleep pressure ko balance karta hai. Lekin dhyan rakhein ki nap chota aur early afternoon me ho taaki raat ki neend kharab na ho.",Sleep Foundation — https://www.sleepfoundation.org/napping | Mayo Clinic — https://www.mayoclinic.org/healthy-lifestyle/adult-health/in-depth/napping/art-20048319,"This general educational content is not a substitute for professional medical advice, diagnosis, or treatment of chronic sleep disorders.",19,
Regular meal timing and everyday energy rhythms,Regular Meal Timing and Daily Energy Rhythms,Nutrition,Maintaining consistent meal timing interacts with circadian rhythms to support steady daily energy regulation and metabolic function.,Rozana ek hi samay par khana khane se hamari body ka internal clock aur energy levels stable rehte hain. Consistent meal timing afternoon energy dips ko avoid karne aur daily routine ko better balance karne mein help karti hai.,Harvard Health Publishing — https://www.health.harvard.edu/healthy-aging-and-longevity/how-can-meal-schedules-affect-your-weight | National Institutes of Health — https://pmc.ncbi.nlm.nih.gov/articles/PMC10528427/,"This educational overview does not provide medical advice, dietary diagnoses, or personalized nutritional treatments; consult a qualified professional for individual guidance.",15,
Reading food labels for added sugars and portion awareness,Reading Food Labels for Added Sugars and Portions,Nutrition,"Checking food labels for added sugars and serving sizes helps consumers understand packaged product ingredients, though individual dietary needs vary and labels do not guarantee specific health outcomes.",Packaged foods mein added sugars aur serving size check karna daily intake ko samajhne mein help karta hai. Yeh simple habit nutrition labels ko read karne aur mindful eating banane mein assist karti hai.,U.S. Food and Drug Administration — https://www.fda.gov/food/nutrition-facts-label/added-sugars-nutrition-facts-label | Centers for Disease Control and Prevention — https://www.cdc.gov/healthy-weight-growth/healthy-eating/nutrition-label.html,"This educational overview is for informational purposes only and does not replace professional dietary guidance, medical advice, or personalized nutrition counseling.",15,
Dietary fiber as part of a varied eating pattern,Dietary Fiber and Varied Eating Patterns,Nutrition,"Incorporating dietary fiber from a variety of whole grains, fruits, and vegetables is an essential component of a balanced, nutrient-dense eating pattern.","Apni daily diet mein fiber-rich foods jaise whole grains, fruits aur vegetables ko include karna healthy eating pattern ka ek main part hota hai. Alag-alag tarah ke fiber sources khane se aapki body ko balanced nutrition milta hai.",Harvard T.H. Chan School of Public Health — https://nutritionsource.hsph.harvard.edu/carbohydrates/fiber/ | National Institutes of Health — https://pmc.ncbi.nlm.nih.gov/articles/PMC8713704/,"This educational overview does not provide medical or nutritional advice, diagnosis, or personalized dietary prescriptions.",15,
Plant diversity and balanced meal variety,Building Balanced Meals Through Greater Plant Diversity,Nutrition,Consuming a wide variety of plant foods each week supports dietary diversity and contributes to overall nutritional intake without guaranteeing specific medical outcomes.,"Apni diet mein alag-alag tarah ke fruits, vegetables, aur grains shamil karne se daily meals mein variety milti hai jo overall nutrition ko support karti hai. Yeh chote dietary changes aapki plate ko zyada balanced aur colorful banate hain.",Harvard T.H. Chan School of Public Health — https://nutritionsource.hsph.harvard.edu/ | UC San Diego Microsetta Initiative — https://microsetta.ucsd.edu/30-plants-per-week/,"This educational overview does not provide medical or nutritional diagnoses, treatment plans, or individual dietary prescriptions.",15,
Hydration cues and thirst awareness in daily routines,Hydration Cues and Thirst Awareness in Daily Routines,Nutrition,Listening to natural thirst cues and maintaining steady water intake throughout the daily routine supports healthy fluid balance without requiring rigid or extreme volume targets.,Apni body ke natural thirst cues ko samjho aur din bhar thoda-thoda pani piyo taaki hydration balance rahe. Yeh simple habits aapko energetic rakhne mein madad karti hain bina kisi complex routine ke.,Mayo Clinic — https://www.mayoclinic.org/healthy-lifestyle/nutrition-and-healthy-eating/in-depth/water/art-20044256 | Harvard T.H. Chan School of Public Health — https://nutritionsource.hsph.harvard.edu/water/,This content is for educational purposes only and does not replace professional medical advice for specific hydration needs or health conditions.,18,
"Coffee, tea, and hidden caffeine sources on labels","Understanding Caffeine Sources in Coffee, Tea, and Labels",Nutrition,"While coffee and tea are primary daily caffeine sources, ingredient labels do not always disclose exact milligram amounts, making total daily intake awareness important.","Coffee aur tea mein caffeine toh hoti hai, par food labels par exact milligrams hamesha mention nahi hote. Isliye apne daily total caffeine intake ko track karna zaroori hai taaki aap safely consume kar sakein.",Harvard T.H. Chan School of Public Health — https://nutritionsource.hsph.harvard.edu/caffeine/ | U.S. Food and Drug Administration — https://www.fda.gov/food/nutrition-food-labeling-and-critical-foods,"This content is for educational purposes only and does not provide personalized medical advice, diagnostic evaluations, or treatment recommendations regarding caffeine consumption.",18,
Alcohol and sleep quality: educational overview with caution,How Alcohol Affects Sleep Quality and Nighttime Rest,Sleep,"While alcohol can initially act as a sedative to help people fall asleep faster, it frequently disrupts sleep architecture and reduces overall rest quality later in the night.","Aapko lagta hai ki drink karne se jaldi neend aa jati hai, lekin alcohol raat ke second half me sleep disruption badhata hai. Isliye evening me alcohol intake sleep quality ko negatively affect kar sakta hai.",Sleep Foundation — https://www.sleepfoundation.org/nutrition/alcohol-and-sleep | National Institutes of Health — https://pmc.ncbi.nlm.nih.gov/articles/PMC2778757/,This general educational overview does not provide medical advice or substitute for professional evaluation regarding sleep disorders or alcohol consumption.,15,
Walking meetings and low-barrier daily movement,Walking Meetings and Low Barrier Daily Movement,Movement,Incorporating short walking meetings or brief strolls throughout your workday supports general physical wellness and helps break up prolonged sedentary sitting.,Office calls ya casual catchups ke liye sitting ki jagah walking meetings try karna ek simple habit hai. Yeh chhote steps aapki daily routine mein movement add karne aur active rehne mein help karte hain.,Mayo Clinic — https://www.mayoclinic.org/healthy-lifestyle/fitness/in-depth/walking/art-20046261 | Centers for Disease Control and Prevention — https://www.cdc.gov/physical-activity-basics/benefits/index.html,"This educational content is for general informational purposes only and does not replace medical advice, diagnosis, or personalized fitness recommendations.",25,
Strength activities as one component of weekly movement,Building Strength as Part of Your Weekly Movement,Movement,Public health guidelines suggest adults incorporate muscle-strengthening activities involving major muscle groups on two or more days each week as part of a balanced physical activity routine.,"Weekly fitness mein sirf cardio nahi, balki muscle-strengthening exercises bhi add karna important hai jo major groups ko target karti hain. Aap apne schedule ke hisaab se haftay mein do din bodyweight ya resistance workouts ke liye nikal sakte hain.",Centers for Disease Control and Prevention — https://www.cdc.gov/physical-activity-basics/guidelines/adults.html | World Health Organization — https://www.who.int/initiatives/behealthy/physical-activity,"Consult a healthcare professional before starting any new exercise routine, especially if you have pre-existing health conditions or injuries.",19,
"Outdoor time, nature exposure, and attention restoration",Nature Exposure and Attention Restoration in Daily Life,Attention,"Research suggests that spending time in natural environments may help replenish cognitive resources, supporting recovery from mental fatigue and sustained concentration.",Kya aapko focus karne mein problem hoti hai aur dimag thak jata hai? Thodi der nature mein walk karne ya park mein baithne se mental fatigue reduce ho sakti hai aur concentration restore ho sakti hai.,American Psychological Association — https://www.apa.org/monitor/2020/04/nurtured-nature | National Institutes of Health — https://pmc.ncbi.nlm.nih.gov/articles/PMC8125471/,"This educational overview does not replace professional medical advice, clinical diagnosis, or psychological treatment for cognitive or mental health conditions.",25,
Posture changes and movement variability during desk work,Desk Posture Shifts and Movement Variability for Comfort,Movement,Incorporating postural shifts and natural movement variability throughout desk work can help reduce muscle fatigue associated with prolonged static sitting.,Desk pe long hours kaam karte waqt ek hi position mein rigid baithne se muscle stiffness ho sakti hai. Thodi thodi der mein posture change karna aur chote movement shifts lana comfort maintain karne mein madad kar sakta hai.,Mayo Clinic — https://www.mayoclinic.org/healthy-lifestyle/adult-health/in-depth/office-ergonomics/art-20046169 | National Institutes of Health — https://pmc.ncbi.nlm.nih.gov/articles/PMC10037417/,"This educational overview does not diagnose, treat, or prevent musculoskeletal conditions, and individuals experiencing persistent pain should consult a qualified healthcare professional.",17,
"Starting physical activity with small, sustainable steps",Starting Physical Activity With Small Sustainable Steps,Movement,"Gradually increasing physical activity through small, manageable daily increments helps individuals build sustainable movement habits over time without overwhelming their daily routines.","Workout shuru karne ke liye direct 150 minutes goal rakhna zaroori nahi hai, chhote 10-minute walk se start karein. Consistency banane ke liye apne daily schedule mein chote steps add karna hi sabse best tarika hai.",Centers for Disease Control and Prevention — https://www.cdc.gov/physical-activity-basics/guidelines/adults.html | Harvard Health Publishing — https://www.health.harvard.edu/exercise-and-fitness/a-three-pronged-approach-to-exercise,"Consult a healthcare professional before starting any new exercise program, especially if you have existing health conditions or injuries.",18,
Breathing pace as an attention-reset practice,Controlled Breathing Pace for Daily Attention Reset,Attention,Controlled slow-paced breathing practices may support attentional focus and cognitive regulation by influencing autonomic nervous system activity during daily tasks.,"Jab bhi workday mein focus loose hone lage, apne breathing pace ko slow down karke 5 seconds inhale aur 5 seconds exhale karein. Yeh chhota sa reset technique aapke mind ko calm rakhne mein help karta hai.",National Institutes of Health — https://pmc.ncbi.nlm.nih.gov/articles/PMC5455070/ | Harvard Health Publishing — https://www.health.harvard.edu/staying-healthy/yoga-for-better-mental-health,This educational overview does not replace professional medical advice or clinical treatment for cognitive or anxiety disorders.,19,
Mindfulness as noticing present-moment experience,Mindfulness as Present Moment Awareness Practice,Attention,"Mindfulness involves intentionally focusing attention on the present moment without judgment, supporting general self-awareness and cognitive focus.","Aap apne daily routine mein choti choti cheezon par dhyan dekar present moment awareness build kar sakte hain. Jab bhi mind distract ho, gentle focus wapas breath ya surroundings par laana hi mindfulness hai.",Harvard Health — https://www.health.harvard.edu/mind-and-mood/take-a-moment-to-be-mindful | Mayo Clinic — https://www.mayoclinic.org/tests-procedures/meditation/in-depth/meditation/art-20045858,This educational content does not constitute medical advice or psychological treatment and is not a substitute for professional mental health care.,25,
Naming emotions as a reflection skill,The Science of Naming Emotions for Reflection,Emotion,"Research indicates that putting feelings into words, known as affect labeling, can help individuals process emotional experiences and support emotional regulation by modulating neural reactivity.","Jab hum stress ya overwhelm feel karte hain, toh apne emotions ko words mein name karna ek powerful reflection skill hai. Yeh chhota sa pause hamare brain ko calm down karne mein aur clear thinking support karne mein help karta hai.",UCLA Health — https://www.uclahealth.org/news/release/putting-feelings-into-words-produces-therapeutic-effects-in-the-brain-ucla-neuroimaging-study-supports-ancient-buddhist-teachings | National Library of Medicine — https://pmc.ncbi.nlm.nih.gov/articles/PMC9799301/,This educational content is for informational purposes only and does not replace professional mental health guidance or clinical treatment for emotional distress.,18,
Journaling for self-observation rather than diagnosis,Journaling for Self-Observation and Emotional Awareness,Emotion,Regular expressive journaling supports emotional processing and self-observation by helping individuals externalize thoughts without attempting self-diagnosis or clinical evaluation.,Apne thoughts aur feelings ko diary mein likhna ek simple self-observation tool hai jo bina kisi self-diagnosis ke clarity laane mein help karta hai. Yeh practice mental clutter kam karne aur emotions ko samajhne ke liye ek safe reflective habit ban sakti hai.,American Psychological Association — https://www.apa.org/monitor/sep01/keepdiary | Harvard Health Publishing — https://www.health.harvard.edu/healthbeat/advance-your-self-awareness,"This educational overview is for self-reflection only and does not replace professional mental health diagnosis, medical advice, or clinical treatment.",18,
Self-compassion language after everyday setbacks,Practicing Kind Self Talk After Everyday Setbacks,Emotion,Responding to everyday setbacks with self-compassion rather than harsh self-criticism can help reduce perceived stress and support healthy emotional regulation.,"Kabhi-kabhi choti mistakes ya setbacks par khud ko harshly criticize karne ki jagah, thoda gentle self-talk try karna helpful ho sakta hai. Yeh simple psychological shift stress ko reduce karne aur everyday challenges se deal karne mein madad karta hai.",Greater Good Science Center — https://greatergood.berkeley.edu/article/item/the_power_of_self_compassion | Harvard Health Publishing — https://www.health.harvard.edu/healthbeat/the-power-of-self-compassion,This educational content does not replace professional mental health support or clinical treatment for chronic emotional distress.,18,
Gratitude reflection as a small wellbeing practice,Daily Gratitude Reflection as a Simple Wellbeing Practice,Emotion,Regularly noting three small positive moments in a daily gratitude practice can support positive emotional reflection and overall psychological wellbeing.,Roz sirf ek ya do minute nikal kar chhoti khushiyon ko yaad karne se mood behtar ho sakta hai. Yeh chhota sa habit aapke daily stress ko manage karne mein madad karta hai.,Harvard Health Publishing — https://www.health.harvard.edu/blog/gratitude-enhances-health-brings-happiness-and-may-even-lengthen-lives-202409113071 | Greater Good Science Center — https://greatergood.berkeley.edu/article/item/how_gratitude_changes_you_and_your_brain,"This educational overview does not provide medical diagnosis, psychological treatment, or guaranteed emotional outcomes; consult a qualified professional for persistent mental health concerns.",15,
Meaningful hobbies and everyday recovery,Meaningful Hobbies and Daily Mental Recovery,Emotion,"Participating in enjoyable leisure hobbies can act as a stress restorer, helping individuals mentally detach from daily pressures and replenish depleted personal resources.",Kya aapko lagta hai ki free time mein sirf screen dekhna hi recovery hai? Apne pasandeeda hobbies mein time spend karna mental detachment provide karta hai aur daily stress ko reduce karne mein help kar sakta hai.,National Center for Biotechnology Information — https://pmc.ncbi.nlm.nih.gov/articles/PMC2863117/ | Utah State University Extension — https://extension.usu.edu/mentalhealth/articles/how-hobbies-improve-mental-health,This educational content does not substitute for professional psychological treatment or medical advice for chronic stress or mental health conditions.,15,
Learning new skills and cognitive engagement,Lifelong Learning and Cognitive Engagement for Brain Health,Attention,"Engaging in mentally stimulating activities and learning new, challenging skills supports cognitive fitness and helps maintain brain health over time.",Naye skills seekhna ya complex activities mein engage hona hamare brain ke liye ek exercise ki tarah kaam karta hai. Yeh mental flexibility ko maintain karne aur cognitive health ko support karne mein madadgar ho sakta hai.,Harvard Health Publishing — https://www.health.harvard.edu/mind-and-mood/train-your-brain | Mayo Clinic — https://www.mayoclinic.org/healthy-lifestyle/healthy-aging/in-depth/brain-health-tips/art-20555198,"This educational content is for informational purposes only and does not replace professional medical advice, diagnosis, or treatment for cognitive concerns.",18,
Reading habits and focused attention,Building Reading Habits to Strengthen Focused Attention,Attention,"Engaging in regular, uninterrupted reading practice can help support sustained cognitive focus and improve attention span over time.",Kya aapka bhi phone chalate chalate focus tut jata hai? Roz thodi der physical book padhne se hamari concentration power improve ho sakti hai.,National Institutes of Health — https://pmc.ncbi.nlm.nih.gov/articles/PMC8482376/ | University of Cambridge — https://www.cam.ac.uk/research/news/reading-for-pleasure-early-in-childhood-linked-to-better-cognitive-performance-and-mental-wellbeing,This content is for general educational awareness only and does not diagnose or treat cognitive disorders or attention difficulties.,25,
Music listening and mood awareness,Mindful Music Listening and Everyday Mood Awareness,Emotion,"Intentional music listening can support everyday mood awareness and emotional reflection, though individual responses vary widely across different genres and personal contexts.","Kabhi socha hai ki aapka favorite song aapke mood ko kaise shift kar deta hai? Jab aap conscious hoke music sunte ho, toh apni feelings ko behtar tarike se samajh sakte ho.",Harvard Health Publishing — https://www.health.harvard.edu/blog/can-music-improve-our-health-and-quality-of-life-202207252786 | UC Berkeley News — https://news.berkeley.edu/2020/01/06/music-evokes-13-emotions/,"This educational content explores general music psychology concepts and is not intended to diagnose, treat, or replace professional mental health care.",25,
Single-tasking versus frequent task switching,The Science of Single-Tasking Versus Frequent Task Switching,Attention,"Research indicates that frequent task switching introduces cognitive switching costs that can reduce mental efficiency, whereas single-tasking supports sustained concentration.","Bar-bar tabs switch karne ya multitasking karne se dimag par pressure padta hai aur efficiency kam hoti hai. Isliye, ek baar mein ek hi kaam (single-tasking) par focus karna mental clarity aur productivity ke liye behtar hota hai.",American Psychological Association — https://www.apa.org/topics/research/multitasking | Harvard Health Publishing — https://www.health.harvard.edu/mind-and-mood/the-art-of-monotasking,"This educational content explores cognitive focus strategies and is not intended to diagnose, treat, or manage clinical attention disorders or neurological conditions.",15,
Notification settings and attention management,Managing Phone Notifications to Protect Daily Attention and Focus,Attention,"Research indicates that frequent smartphone notifications can disrupt sustained attention and cognitive control, making strategic management of alert settings a helpful tool for maintaining focus during daily tasks.",Har baar phone bajne par hamara focus tut jata hai aur kaam me concentration kam ho jati hai. Isliye notifications ko manage karna ya silent rkhna hamare dhyan ko bachane me madad kar sakta hai.,National Center for Biotechnology Information — https://pmc.ncbi.nlm.nih.gov/articles/PMC9671478/ | National Center for Biotechnology Information — https://pmc.ncbi.nlm.nih.gov/articles/PMC5403814/,This content is for general educational awareness regarding digital habits and attention management only and does not constitute psychological or medical advice.,18,
Digital boundaries around work and rest,Building Healthy Digital Boundaries for Work and Rest,Attention,Setting clear digital disconnection boundaries between work and rest hours helps reduce cognitive fatigue and supports psychological recovery from daily professional stressors.,"Office ke baad continuous work notifications check karna brain ko rest nahi karne deta. Isliye, ek fixed time ke baad notifications off karna aur digital boundary banana mental recharge ke liye bohot zaroori hai.",Oxford Academic — https://academic.oup.com | Harvard Summer School — https://summer.harvard.edu,This educational content is for informational purposes only and does not replace professional mental health or occupational counseling.,15,
Implementation intentions: if-then planning for habits,Using If-Then Plans for Effective Habit Building,Habit Design,Forming specific if-then implementation intentions can help bridge the gap between setting a goal and actually taking consistent daily action.,"Aksar goals decide karna easy hota hai, par unhe routine mein laana mushkil lagta hai. Chote 'if-then' plans banane se aapko pata hota hai ki kis cue par kya action lena hai.",National Cancer Institute — https://cancercontrol.cancer.gov/brp/research/constructs/implementation-intentions | National Institutes of Health — https://pmc.ncbi.nlm.nih.gov/articles/PMC4500900/,This content is for educational purposes only and does not constitute psychological or medical advice for habit disorders.,18,
Habit stacking with existing routines,Habit Stacking Techniques for Consistent Daily Routines,Habit Design,Pairing a new desired behavior immediately after an established routine can help anchor consistency by leveraging existing behavioral cues.,Apne daily routine ki kisi established habit ke baad ek nayi habit jodna habit stacking kehlata hai. Yeh simple approach naye goals achieve karne mein consistency banana asaan karti hai.,National Cancer Institute — https://cancercontrol.cancer.gov/brp/research/constructs/implementation-intentions | Stanford University — https://behaviordesign.stanford.edu/,"This educational content offers behavioral organization concepts and does not replace professional coaching, psychological counseling, or medical advice for habit modification challenges.",15,
Reducing friction for positive routines,Lowering Friction to Build Consistent Positive Daily Habits,Habit Design,Lowering environmental friction by simplifying steps and preparing cues ahead of time helps support consistent engagement in healthy daily routines.,"Achi habits banana mushkil lagta hai jab raste mein bohot saare roadblocks ya steps hote hain. Environment ko thoda adjust karke aur steps ko easy banake, aap consistency maintain kar sakte hain.",American Psychological Association — https://www.apa.org/monitor/2020/11/career-lab-habits | National Institutes of Health — https://pmc.ncbi.nlm.nih.gov/articles/PMC12318445/,This educational content offers general behavioral principles and is not a substitute for professional psychological or medical advice.,25,
Increasing friction for unwanted automatic habits,Increasing Friction to Disrupt Unwanted Daily Habits,Habit Design,Behavioral research indicates that increasing contextual friction—such as making an unwanted routine harder to access—can help disrupt automatic habit loops.,"Jab bhi koi unwanted habit automatic ho jati hai, toh willpower ke bharose rehne ki jagah raste mein thodi si friction ya hurdle create karna helpful hota hai. Jaise phone ko door rakhna ya snacks ko aankh se ojhal karna, chhote obstacles brains ko automatic loop todne mein madad karte hain.",Harvard Health Publishing — https://www.health.harvard.edu/blog/how-to-break-a-bad-habit-202205022736 | American Psychological Association — https://www.apa.org/monitor/2020/11/career-lab-habits,"This content is for general educational awareness only and does not constitute psychological, medical, or clinical advice for compulsive behaviors.",25,
Tracking habits without perfectionism,Tracking Health Habits Without Perfectionism,Habit Design,Research indicates that prioritizing consistent behavioral engagement over rigid perfection fosters sustainable habit formation and reduces psychological friction.,"Habit tracking mein perfection nahi, consistency matter karti hai. Agar ek din streak break ho jaye, toh guilt feel karne ke bajaye seedha next day track par wapas aa jao.",Harvard Health — https://www.health.harvard.edu/healthy-aging-and-longevity/trade-bad-habits-for-good-ones | American Psychological Association — https://www.apa.org/topics/behavioral-health/healthy-lifestyle-changes,"This educational content is for informational purposes only and does not constitute medical advice, psychological counseling, or clinical treatment.",18,
Setting process goals rather than outcome promises,Focus on Process Goals Instead of Outcome Promises,Habit Design,Behavioral science research indicates that focusing on controllable process goals rather than final outcome promises can enhance consistency and reduce performance anxiety during habit formation.,"Sirf final result ya outcome par focus karne se stress badh sakta hai, lekin daily actions ya process goals banane se consistency milti hai. Apne routine ke chote steps ko track karke sustainable habits build kiye ja sakte hain.",National Institutes of Health — https://pmc.ncbi.nlm.nih.gov/articles/PMC6796229/ | American Psychological Association — https://www.apa.org/pubs/highlights/spotlight/issue-101,"This educational content is for informational purposes only and does not constitute psychological coaching, mental health treatment, or behavioral therapy.",15,
Short recovery breaks during demanding work,Optimizing Focus With Short Workplace Recovery Breaks,Attention,"Research indicates that taking brief, scheduled recovery breaks during demanding work tasks can help replenish cognitive energy and mitigate the onset of mental fatigue.",Continuous working ke baad thoda break lena brain fatigue kam karne aur focus maintain karne mein madad kar sakta hai. Aap apne schedule mein chhote micro-breaks add karke mental clarity improve kar sakte hain.,American Psychological Association — https://www.apa.org/monitor/2019/01/break | National Institute for Occupational Safety and Health — https://archive.cdc.gov/www_cdc_gov/niosh/emres/longhourstraining/safework.html,"This educational content is for informational purposes only and does not replace professional medical advice, clinical diagnosis, or personalized occupational health guidance.",25,
Workload boundaries and recovery time,Setting Workload Boundaries to Protect Daily Recovery Time,Habit Design,"Establishing clear workload boundaries and protecting dedicated offline recovery time supports psychological well-being and helps mitigate chronic occupational stress, according to workplace psychology research.",Roz office ke baad boundaries set karna aur proper recovery time lena modern work stress se bachne ke liye bahut zaroori hai. Thoda offline hona aur kaam ke baad switch off karna aapki mental well-being ko protect karta hai.,American Psychological Association — https://www.apa.org/pubs/reports/work-in-america/2023-workplace-health-well-being | Centers for Disease Control and Prevention — https://www.cdc.gov/niosh/stress/about/index.html,"This educational content is for informational purposes only and does not constitute professional medical, psychological, or clinical advice for chronic burnout or mental health conditions.",25,
Social support: asking for practical help,Building Support Networks: Asking for Practical Help,Social Wellbeing,Reaching out to trusted support networks and communicating specific practical needs can help lower perceived stress and build everyday resilience.,"Kabhi-kabhi humein lagta hai ki akkele sab sambhal lein, par practical help maangna ek healthy step hai. Apne trusted network se specific support ke liye reach out karna stress reduce karne mein madad karta hai.",American Psychological Association — https://www.apa.org/topics/stress/manage-social-support | Stanford News — https://news.stanford.edu/stories/2022/09/asking-help-hard-people-want-help-realize,This content is for general educational purposes only and does not replace professional mental health counseling or clinical support.,18,
Active listening in everyday conversations,Practicing Active Listening for Better Everyday Conversations,Social Wellbeing,Research indicates that practicing active listening during daily conversations helps speakers feel more understood and fosters stronger interpersonal rapport.,"Kabhi notice kiya hai ki jab aap kisi ki baat dhyan se sunte ho, toh conversation kitni smooth ho jaati hai? Active listening ka matlab hai bina judge kiye samne wale ko sunna aur samajhna, jisse mutual trust badhta hai.",Greater Good Science Center — https://greatergood.berkeley.edu/article/item/what_youre_listening_for_and_what_you_might_be_missing | Harvard Business Review — https://hbr.org/2024/01/what-is-active-listening,This content is for general educational awareness regarding communication habits and does not substitute for professional counseling or mental health treatment.,25,
Shared meals and social connection,Communal Eating and Social Connection for Better Health,Social Wellbeing,"Regularly sharing meals with others is associated with higher levels of life satisfaction, stronger social support, and enhanced emotional wellbeing.",Kabhi socha hai kyun doston ya family ke saath khana khane se mood fresh ho jata hai? Science kehti hai ki milkar khane se social bonding strong hoti hai aur overall happiness boost hoti hai.,Harvard Health Publishing — https://www.health.harvard.edu/healthy-aging-and-longevity/staying-connected-can-improve-your-health | National Library of Medicine — https://pmc.ncbi.nlm.nih.gov/articles/PMC6979515/,This content is for general educational purposes only and does not replace professional medical or nutritional advice.,25,
Volunteering and sense of connection,Building Social Connection Through Community Volunteering,Social Wellbeing,"Engaging in regular community volunteering can foster meaningful social connections, helping individuals feel more supported and potentially reducing feelings of loneliness.","Jab hum community me volunteer karte hain, toh naye logon se milkar loneliness kam hoti hai aur ek strong social bond banta hai. Yeh choti si habit humari emotional wellbeing ko boost karke life me purpose feel karati hai.",Mayo Clinic Health System — https://www.mayoclinichealthsystem.org/hometown-health/speaking-of-health/3-health-benefits-of-volunteering | Harvard Health Publishing — https://www.health.harvard.edu/blog/volunteering-may-be-good-for-body-and-mind-201306266428,This content is for educational purposes only and does not replace professional mental health support or clinical treatment for isolation or depression.,25,
Morning planning and realistic priorities,Morning Planning and Setting Realistic Daily Priorities,Attention,Structuring morning planning by identifying a few realistic daily priorities can help reduce cognitive load and support focused attention on manageable tasks throughout the day.,"Subah uthkar apne din ke sirf teen main priorities set karna cognitive load ko kam karne mein help karta hai. Jab aap realistic goals rakhte hain, toh focus behtar hota hai bina kisi extra stress ke.",Harvard Health Publishing — https://www.health.harvard.edu/blog/executive-function-in-children-why-it-matters-and-how-to-help-202012162348 | National Institutes of Health — https://pmc.ncbi.nlm.nih.gov/articles/PMC2852635/,"This educational content provides general cognitive wellness insights and does not replace professional mental health advice, clinical diagnosis, or treatment for executive dysfunction.",18,
Evening reflection and end-of-day closure,Evening Reflection and End-of-Day Thought Offloading,Emotion,"Writing down upcoming tasks or daily reflections before bed can help clear racing thoughts and support cognitive transition into rest, without guaranteeing specific sleep improvements.","Raat ko sone se pehle apne thoughts ya pending tasks ko diary mein likhna mind ko calm karne mein help kar sakta hai. Yeh choti si evening reflection habit aapke brain ko unwinding signal deti hai, bina kisi medical guarantee ke.",Harvard Medical School — https://sleep.hms.harvard.edu/education-training/public-education/sleep-health-education-program/sleep-health-education-68 | National Institutes of Health — https://pmc.ncbi.nlm.nih.gov/articles/PMC5758411/,"This educational content is for informational purposes only and does not diagnose, treat, or cure sleep disorders or psychological conditions; consult a qualified healthcare professional for persistent sleep issues.",18,
Time outdoors during daytime as a routine cue,Daytime Outdoor Light and Daily Attention Cues,Attention,Observational research indicates that regular daytime outdoor light exposure is associated with supported daytime alertness and cognitive performance in everyday settings.,Din mein thoda time bahar outdoor light mein spend karna hamare daytime focus aur alertness ke liye ek natural environmental cue ban sakta hai. Yeh sirf ek simple daily routine hai jo bina kisi medical claim ke general awareness improve karne mein help kar sakti hai.,Centers for Disease Control and Prevention — https://www.cdc.gov/niosh/work-hour-training-for-nurses/longhours/mod2/19.html | University of Manchester — https://www.manchester.ac.uk/about/news/higher-daylight-exposure-cognitive-performance-study-finds/,"This educational overview is for informational purposes only and does not provide medical diagnoses, treatment recommendations, or guaranteed health outcomes.",25,
Consistent meal breaks during busy days,Why Consistent Meal Breaks Matter for Busy Workdays,Nutrition,"Maintaining regular, consistent meal breaks during busy workdays helps support stable eating patterns and overall daily well-being.","Busy schedule ke chakkar mein meals skip karna ya irregular khana aam baat hai, lekin yeh energy drop kar sakta hai. Apne kaam ke beech thoda time nikal kar consistent intervals par khana khane se routine maintain rehti hai.",National Institutes of Health — https://pmc.ncbi.nlm.nih.gov/articles/PMC9115715/ | Johns Hopkins University — https://wellbeing.jhu.edu/blog/2022/12/09/timing-is-everything-why-eating-on-a-regular-schedule-supports-overall-well-being/,This content is for educational purposes only and does not replace personalized dietary advice from a qualified healthcare professional.,15,
Balanced snacks: combining food groups for satiety context,Smart Snacking: Pairing Food Groups for Satiety,Nutrition,Combining fiber-rich plant foods with protein sources in snacks can help support steady energy levels and sustained satiety throughout the day.,Kya aapko bhi thodi der mein hi phir se bhook lag jaati hai? Snack mein protein aur fiber mix karne se energy steady rehti hai aur pet zyada der tak bhara mehsoos hota hai.,Harvard T.H. Chan School of Public Health — https://nutritionsource.hsph.harvard.edu/ | USDA — https://www.usda.gov/,This educational content is for informational purposes only and does not replace personalized dietary advice or medical guidance from a qualified professional.,15,
Kitchen environment cues and food choices,Kitchen Environment Cues and Daily Food Choices,Nutrition,"Modifying kitchen visual cues, such as storing nutrient-dense foods in plain sight, can gently support daily nutritional decisions without strict restriction.",Apke kitchen mein rakhi cheezein aur unka visual placement aapke daily food choices ko subconsciously affect karta hai. Counter par fruits ya healthy snacks rakhne se aapke liye nourishing options choose karna thoda asaan ho jata hai.,Harvard T.H. Chan School of Public Health — https://nutritionsource.hsph.harvard.edu/mindful-eating/ | National Institutes of Health — https://pmc.ncbi.nlm.nih.gov/articles/PMC7589873/,"This content is for general informational purposes only and does not constitute medical or nutritional advice, diagnosis, or treatment.",15,
Movement snacks: brief activity throughout the day,Energizing Movement Snacks for Busy Daily Routines,Movement,"Accumulating short bursts of physical activity throughout the day, known as movement snacks, can help break up sedentary time and support overall physical well-being.","Poore din lamba baithne se thakawat hoti hai, isliye chote-chote movement snacks try karna helpful ho sakta hai. Aap din mein kuch minute ke stretching ya active breaks lekar sedentary time ko easily break kar sakte hain.",Harvard Health Publishing — https://www.health.harvard.edu/healthy-aging-and-longevity/short-bursts-of-exercise-may-offer-big-health-benefits | Centers for Disease Control and Prevention — https://www.cdc.gov/physical-activity-basics/guidelines/adults.html,"This educational overview is for informational purposes only and does not constitute medical advice, physical therapy guidance, or a personalized exercise prescription.",18,
Weekend routine shifts and social jet-lag awareness,Managing Weekend Sleep Shifts and Social Jet Lag,Sleep,"Shifting sleep schedules significantly between weekdays and weekends can create social jet lag, mimicking the fatigue of time zone travel and misaligning our internal biological clock.","Kya aap weekends par der taks sone ke baad Monday morning tiredness feel karte hain? Yeh social jet lag hai, jahan aapke biological clock aur weekend routine mein mismatch ho jata hai.",Sleep Foundation — https://www.sleepfoundation.org/travel-and-sleep/jet-lag | NCBI PMC — https://pmc.ncbi.nlm.nih.gov/articles/PMC9172912/,This educational content does not diagnose sleep conditions or provide medical advice for persistent sleep disruptions.,24,
Gentle stretching for movement variability,Gentle Stretching and Daily Joint Mobility Variety,Movement,"Incorporating gentle stretching into your routine can help maintain joint range of motion and support flexible, healthy muscle function over time.",Roz thodi gentle stretching karne se body ki flexibility aur joints ka movement behtar ho sakta hai. Yeh simple stretches muscles ko relax karne aur daily movement ko smooth banane me madad karte hain.,Mayo Clinic — https://www.mayoclinic.org/healthy-lifestyle/fitness/in-depth/stretching/art-20047931 | Harvard Health — https://www.health.harvard.edu/healthy-aging-and-longevity/the-importance-of-stretching,"This general educational content is not a substitute for professional medical advice, diagnosis, or individualized physical therapy treatment.",18,
Building routines around identity and values,Aligning Daily Routines With Personal Values and Identity,Emotion,Linking daily routines to core personal values and self-identity can support sustained behavioral consistency and promote emotional well-being.,"Jab hum apne daily routines ko apne core values aur self-identity se align karte hain, toh habits maintain karna aasan ho jata hai. Yeh mindful approach sirf tasks complete karne ke bajaye ek positive psychological well-being build karti hai.",National Institutes of Health (PMC) — https://pmc.ncbi.nlm.nih.gov/articles/PMC6635880/ | American Psychological Association — https://www.apa.org/monitor/2020/11/career-lab-habits,This educational content does not provide psychological or medical advice; individuals facing significant motivational or emotional difficulties should consult a qualified mental health professional.,25,
