Subject,Quality Status,Risk Flags,Final Title,Final Claim,Final Narration Spans,Final Caption,Final Hashtags,Cover Concept,Safety Boundary,Error
1,SAFE_WITH_EDITS,NONE,Optimizing Your Bedroom Environment For Better Sleep Quality,"Optimizing bedroom elements such as darkness, noise reduction, and comfort supports healthy sleep hygiene and continuous, restful sleep according to public health guidance.",1. क्या आपकी नींद अक्सर बीच में खुल जाती है? Sleep environment का हमारी rest पर गहरा असर हो सकता है। | 2. Research बताती है कि bedroom में darkness बनाए रखने से uninterrupted rest और healthy sleep quality मिलती है। | 3. Unwanted noise भी sleep cycles को disrupt कर सकती है। Soundproofing या white noise machines से इसे control किया जा सकता है। | 4. Comfort और proper temperature भी उतने ही जरूरी हैं। Mattress और bedding choice personal preference पर depend करती है। | 5. इन छोटे environmental adjustments से daily sleep hygiene बेहतर हो सकती है और relaxation में मदद मिलती है। | 6. Disclaimer: यह content केवल general education के लिए है और यह किसी medical condition का diagnosis या treatment नहीं है। | 7. अपनी sleep health से जुड़े किसी भी सवाल के लिए हमेशा qualified healthcare professional से consult करें।,"क्या आप जानते हैं कि आपके bedroom का environment आपकी sleep quality को कैसे प्रभावित करता है? Darkness, noise reduction और comfort जैसे factors restful rest में मदद कर सकते हैं। जानिए sleep environment को optimize करने के सामान्य तरीके।\\n\\nDisclaimer: Educational purposes only. Not medical advice. Consult a healthcare professional for personalized guidance.\\n\\n#SleepEnvironment #SleepHygiene #HealthySleep #BetterSleep #WellnessTips #SleepHealth #RestfulSleep",#SleepEnvironment #SleepHygiene #HealthySleep #BetterSleep #WellnessTips #SleepHealth #RestfulSleep,"A clean, dimly lit bedroom with soft ambient lighting and organized bedding, illustrating an optimized sleep environment.","This content provides general educational information on bedroom sleep environments and does not constitute medical diagnosis, treatment, or personalized healthcare advice.",
2,SAFE_WITH_EDITS,fixed duration targets; directive suggestions,Understanding Bedtime Wind-Down Routines For Sleep Hygiene,Establishing a consistent pre-sleep wind-down routine can serve as a helpful mental transition cue to support healthy sleep hygiene.,"1. Kya raat ko bistar par jaane ke baad bhi dimaag active rehta hai? | 2. Research ke anusar, ek consistent wind-down routine rest ke liye transition cue ka kaam kar sakti hai. | 3. Sone se pehle screens aur high-stimulation activities ko kam karna ek common practice hai. | 4. Light reading ya calming music jaisi activities relaxation ko support karne mein helpful ho sakti hain. | 5. Yeh practices nervous system ko gradual relaxation ki taraf shift hone mein madad deti hain. | 6. Disclaimer: Yeh video keval general education ke liye hai aur kisi medical condition ka diagnosis nahi hai. | 7. Apni sleep health se jude sawalon ke liye hamesha qualified healthcare professional se consult karein.",Bedtime wind-down routines can act as a helpful mental transition cue before rest. Public health research suggests that stepping away from stimulating activities helps signal the body for sleep. Disclaimer: For general education only. Not medical advice. Consult a healthcare professional for persistent sleep concerns. #SleepHygiene #BedtimeRoutine #WellnessTips #HealthySleep #NightRoutine #SleepHealth,#SleepHygiene #BedtimeRoutine #WellnessTips #HealthySleep #NightRoutine #SleepHealth #MindfulRest,"A calm, dimly lit bedroom scene featuring an open book and a warm bedside lamp, illustrating a restful evening atmosphere.","This content provides general educational information on sleep transition habits and does not constitute medical diagnosis, treatment, or personalized healthcare advice.",
3,SAFE_WITH_EDITS,Fixed duration mention in draft; generalized for non-prescriptive education.,Understanding Napping Principles And Sleep Pressure Science,"Brief daytime resting periods, when timed appropriately in the early afternoon, can support daily alertness and complement natural homeostatic sleep pressure without disrupting nighttime rest.","1. क्या दोपहर के समय सुस्ती महसूस होती है? आइए sleep pressure और napping के वैज्ञानिक पहलुओं को समझें। | 2. दिन भर जागने के दौरान हमारे शरीर में homeostatic sleep pressure स्वाभाविक रूप से बढ़ने लगता है। | 3. अनुसंधान इंगित करता है कि संक्षिप्त विश्राम सत्र दिन के समय मानसिक सतर्कता और कार्यक्षमता को बनाए रखने में मदद कर सकते हैं। | 4. समय का ध्यान रखना आवश्यक है; दोपहर के बाद या शाम को विश्राम करने से रात की मुख्य नींद प्रभावित हो सकती है। | 5. लंबे समय तक सोने से sleep inertia उत्पन्न हो सकता है, जिससे उठने के बाद तंद्रा या सुस्ती महसूस हो सकती है। | 6. यह सामग्री केवल सामान्य स्वास्थ्य शिक्षा के लिए है और किसी चिकित्सीय स्थिति का निदान या उपचार नहीं करती है। | 7. किसी भी व्यक्तिगत स्वास्थ्य संबंधी निर्णय या निरंतर नींद की समस्या के लिए हमेशा योग्य स्वास्थ्य पेशेवर से परामर्श करें।","क्या आप जानते हैं कि दोपहर का संक्षिप्त विश्राम आपकी alertness को कैसे प्रभावित करता है? आइए जानें sleep pressure और napping की सामान्य वैज्ञानिक समझ। अनुसंधान संकेत देता है कि दिन के शुरुआती घंटों में लिया गया छोटा विश्राम सतर्कता को समर्थन दे सकता है, बशर्ते यह रात की नींद में बाधा न डाले। यह वीडियो केवल सामान्य स्वास्थ्य शिक्षा और जागरूकता के उद्देश्य से है। \\n\\nDisclaimer: Educational purposes only. Not medical advice. Consult a healthcare professional for guidance.\\n\\n#SleepScience #PowerNap #HealthEducation #Wellness #SleepPressure #HealthyHabits #SleepTips",#SleepScience #PowerNap #HealthEducation #Wellness #SleepPressure #HealthyHabits #SleepTips,A clean split visual illustrating a rising graph of sleep pressure alongside a clock indicating early afternoon rest.,"This content provides general educational insights on sleep biology and should not be used as medical advice, treatment, or personal diagnosis.",
4,SAFE_WITH_EDITS,NONE,Regular Meal Timing And Everyday Energy Rhythms Explained,"Chrononutrition research indicates that regular meal timing interacts with internal circadian rhythms, supporting everyday energy balance and metabolic health.","1. क्या आपने कभी गौर किया है कि खाने का समय हमारे daily energy rhythms पर असर डाल सकता है? | 2. Chrononutrition research बताती है कि शरीर की internal clocks meal timing के साथ interact करती हैं। | 3. विभिन्न studies दर्शाती हैं कि regular meal patterns metabolism और energy balance को support कर सकते हैं। | 4. नियमित भोजन पैटर्न शरीर के internal metabolic cues को natural circadian cycles के साथ align करने में मदद करते हैं। | 5. हालांकि, हर व्यक्ति की शारीरिक प्रकृति और व्यक्तिगत आवश्यकताएं अलग-अलग हो सकती हैं। | 6. यह जानकारी केवल सामान्य जागरूकता के लिए है, न कि किसी विशिष्ट आहार निर्देश के रूप में। | 7. Disclaimer: यह वीडियो केवल general education के लिए है और किसी भी professional medical guidance का विकल्प नहीं है।","क्या आपने कभी गौर किया है कि खाने का सही समय आपके daily energy rhythms को कैसे प्रभावित करता है? Chrononutrition की research बताती है कि regular meal patterns और internal circadian rhythms के बीच एक संबंध है, जो energy balance को support कर सकते हैं। इस scientific perspective को explore करें।\\n\\nDisclaimer: Educational purposes only. Not medical advice. Consult a healthcare professional for personalized guidance.\\n\\n#Chrononutrition #MealTiming #CircadianRhythms #EnergyLevels #HealthEducation #NutritionScience #Wellness",#Chrononutrition #MealTiming #CircadianRhythms #EnergyLevels #HealthEducation #NutritionScience #Wellness,"A clean split-screen illustration showing a clock on one side and a balanced meal on the other, representing the connection between time and nutrition.","This content provides general educational information on chrononutrition and does not offer medical diagnoses, treatment plans, or personalized health recommendations.",
5,SAFE_WITH_EDITS,potential numeric threshold in draft revised,Reading Food Labels And Managing Added Sugars,"Reading nutrition facts labels helps consumers identify added sugars, understand daily value percentages, and make informed, conscious food choices as part of general wellness education.","1. क्या आपने कभी सोचा है कि पैकेटबंद खाद्य पदार्थों पर न्यूट्रिशन लेबल्स को कैसे पढ़ा जाए? | 2. पब्लिक हेल्थ रिसर्च के अनुसार, लेबल्स पर 'Added Sugars' की मात्रा देखना और समझना बहुत मददगार हो सकता है। | 3. दैनिक पोषण दिशा-निर्देशों के मुताबिक, Daily Value percentages को समझना यह जानने में मदद करता है कि किसी nutrient का intake कितना है। | 4. पोर्शन अवेयरनेस यानी सर्विंग साइज़ पर ध्यान देने से हमें यह समझने में मदद मिल सकती है कि हम एक बार में क्या ले रहे हैं। | 5. यह छोटी सी आदत भोजन में चीनी को पहचानने और दैनिक खान-पान के बारे में जागरूक विकल्प चुनने में मदद कर सकती है। | 6. हालांकि, हर व्यक्ति की पोषण संबंधी ज़रूरतें अलग होती हैं और यह जानकारी केवल सामान्य शिक्षा के लिए है। | 7. किसी भी विशिष्ट आहार या स्वास्थ्य संबंधी निर्णय के लिए हमेशा किसी योग्य स्वास्थ्य विशेषज्ञ से परामर्श करें।",पैकेटबंद खाद्य पदार्थों पर न्यूट्रिशन लेबल्स को पढ़ना और 'Added Sugars' की पहचान करना खान-पान में जागरूकता बढ़ाने का एक तरीका हो सकता है। सर्विंग साइज़ और डेली वैल्यू को समझने से संतुलित विकल्प चुनने में मदद मिलती है। यह वीडियो केवल सामान्य स्वास्थ्य शिक्षा के लिए है।\n\nDisclaimer: General education only. Consult a healthcare professional for guidance.\n\n#FoodLabels #HealthyEating #NutritionFacts #AddedSugars #PublicHealth #DietaryAwareness #Wellness,#FoodLabels #HealthyEating #NutritionFacts #AddedSugars #PublicHealth #DietaryAwareness #Wellness,Close-up shot of hands holding a packaged food item while pointing at the nutrition facts label showing added sugars.,"This content provides general educational information on nutrition labels and does not constitute medical diagnosis, treatment, or personalized dietary advice.",
6,SAFE_AS_IS,NONE,Dietary Fiber and Varied Eating Patterns Explained,Public health institutions indicate that dietary fiber from plant-based foods is an essential component of a varied eating pattern supporting digestive wellness.,"1. क्या आप जानते हैं कि varied eating pattern में dietary fiber का क्या महत्व है? | 2. Public health research के अनुसार, whole grains, fruits, vegetables और legumes फाइबर के मुख्य स्रोत हैं। | 3. दैनिक आहार में पर्याप्त फाइबर शामिल करने से पाचन स्वास्थ्य को प्राकृतिक रूप से समर्थन मिल सकता है। | 4. यह समग्र चयापचय संबंधी स्वास्थ्य और दीर्घकालिक कल्याण में सकारात्मक योगदान दे सकता है। | 5. अपने भोजन में विविधता और पौधे-आधारित खाद्य पदार्थों को धीरे-धीरे शामिल करना एक समझदारी भरा कदम है। | 6. Disclaimer: यह वीडियो केवल सामान्य स्वास्थ्य शिक्षा के लिए है और चिकित्सीय सलाह नहीं है। | 7. किसी भी आहार संबंधी बदलाव से पहले हमेशा योग्य स्वास्थ्य विशेषज्ञ से परामर्श करें।","Dietary fiber is a key component of a varied eating pattern, supporting digestion and overall wellness. Public health institutions note that plant-based foods like whole grains, fruits, vegetables, and beans provide natural fiber. Explore how gradual additions to your daily meals can support healthy routines. Disclaimer: For general education only. Not medical advice. Consult a healthcare professional for guidance. #DietaryFiber #HealthyDiet #NutritionEducation #PublicHealth #WholeGrains #DigestiveHealth #WellnessTips #HealthyEating",#DietaryFiber #HealthyDiet #NutritionEducation #PublicHealth #WholeGrains #DigestiveHealth #WellnessTips #HealthyEating,"A clean flat-lay visual showing fresh vegetables, whole grains, and legumes arranged on a wooden table under natural lighting.","This content provides general educational information on dietary fiber and does not offer medical diagnosis, dietary prescription, or personalized healthcare advice.",
7,SAFE_AS_IS,NONE,Exploring Plant Diversity and Balanced Meal Variety for Wellness,Incorporating a diverse variety of plant foods into daily meals may support overall nutritional intake and gut microbiome diversity as part of general wellness.,"1. क्या आपने सोचा है कि हमारी थाली में plant diversity का होना क्यों महत्वपूर्ण है? | 2. Research describes कि अलग-अलग fruits, vegetables, grains और legumes खाने से balanced meal variety मिलती है। | 3. Studies suggest करती हैं कि यह varied intake gut microbiome diversity को support कर सकती है। | 4. जब आप अपनी diet में कई तरह के plant foods शामिल करते हैं, तो body को diverse nutrients मिल सकते हैं। | 5. Public health insights के अनुसार, यह approach overall wellness और healthy lifestyle का एक useful cue हो सकती है। | 6. याद रखें, हर व्यक्ति की nutritional needs अलग होती हैं, इसलिए balanced choices अपनी comfort के अनुसार बनाएं। | 7. Disclaimer: यह content केवल general education के लिए है और यह professional medical advice का विकल्प नहीं है।","Exploring plant diversity and balanced meal variety can be a wonderful way to support daily wellness. Research published in public health journals describes how a colourful mix of plant foods may contribute to gut microbiome diversity and nutrient intake. Every individual's dietary pattern is unique, so consider what works best for your body. Disclaimer: This content is for general education only and does not constitute medical or nutritional advice.",#PlantDiversity #BalancedDiet #NutritionScience #GutHealth #HealthyEating #WellnessEducation #PublicHealth,"A brightly lit wooden table displaying a colorful variety of fresh vegetables, fruits, whole grains, and legumes.","This video provides general educational information on plant-rich diets and does not diagnose, prescribe, or offer personalized medical or nutritional advice.",
8,SAFE_AS_IS,NONE,Understanding Hydration Cues And Thirst Awareness In Daily Life,Public health research indicates that listening to natural thirst cues and maintaining steady daily fluid intake supports fluid balance and general wellness without rigid targets.,"1. दैनिक जीवन में hydration cues और body की thirst awareness को समझना general wellness के लिए helpful हो सकता है। | 2. Research describe करती है कि हमारा brain thirst signals के जरिए fluid balance maintain करने में मदद करता है। | 3. Daily routines में water intake को शामिल करने से daily habits को natural तरीके से manage किया जा सकता है। | 4. कुछ studies के अनुसार, thirst feeling आने से पहले mild hydration changes begin हो सकते हैं। | 5. Regular intervals पर fluids sip करना body के natural balance को maintain करने का एक simple तरीका हो सकता है। | 6. Individual needs vary करती हैं, इसलिए body के signals को listen करना और flexible रहना sensible approach है। | 7. Disclaimer: यह content केवल general education के लिए है और किसी भी professional medical advice का substitute नहीं है।","Daily hydration routines and thirst awareness play an important role in supporting overall well-being. Research from public health institutions describes how listening to natural body cues can help maintain fluid balance throughout the day. Remember, hydration needs vary for everyone.\n\nDisclaimer: For general educational purposes only; consult a healthcare professional for personal medical advice.",#Hydration #ThirstAwareness #HealthEducation #WellnessHabits #PublicHealth #HealthyLiving #DailyRoutine,"A clean, softly lit minimalist shot of a glass of fresh water resting beside a notebook on a wooden table.","This content provides general educational information on hydration awareness and does not offer medical advice, diagnosis, or personalized prescriptions.",
9,SAFE_WITH_EDITS,SPECIFIC_DOSAGE_TARGET_AND_IMPERATIVE_INSTRUCTIONS_REVISED,Understanding Caffeine Sources And Dietary Label Awareness,Official health guidelines discuss general moderate daily caffeine intake levels and note that various beverages and packaged foods can contain hidden sources of caffeine requiring general dietary awareness.,"1. रोज़ाना की कॉफ़ी और चाय में कैफ़ीन होती है, लेकिन क्या आप विभिन्न खाद्य पदार्थों में छिपे कैफ़ीन स्रोतों से परिचित हैं? | 2. स्वास्थ्य और खाद्य सुरक्षा दिशानिर्देश मध्यम दैनिक कैफ़ीन सेवन और इसके विभिन्न सामान्य स्रोतों पर चर्चा करते हैं। | 3. कॉफी और चाय के अतिरिक्त, पैकेज्ड ड्रिंक्स, चॉकलेट और कुछ अन्य खाद्य उत्पादों में भी प्राकृतिक या एडेड कैफ़ीन मौजूद हो सकती है। | 4. विभिन्न उत्पादों और पैकेजों में कैफ़ीन की मात्रा अलग-अलग हो सकती है, जिससे दैनिक खान-पान की समझ विकसित होती है। | 5. कैफ़ीन के प्रति व्यक्तिगत संवेदनशीलता हर व्यक्ति में भिन्न हो सकती है, इसलिए अपने शरीर की प्रतिक्रिया को समझना सहायक है। | 6. यह जानकारी केवल सामान्य स्वास्थ्य शिक्षा और जन-जागरूकता के उद्देश्य से प्रस्तुत की गई है। | 7. डिस्क्लेमर: किसी भी स्वास्थ्य या आहार संबंधी बदलाव के लिए हमेशा योग्य चिकित्सक या स्वास्थ्य विशेषज्ञ से परामर्श करें।",Are you aware of hidden caffeine sources in everyday packaged foods and beverages? Official health guidance discusses moderate daily caffeine intake and label awareness. Understanding ingredient labels can help support general dietary awareness. Disclaimer: For general education only; consult a healthcare professional for personal medical or dietary advice. #CaffeineAwareness #HealthEducation #NutritionFacts #WellnessTips #HealthyHabits #DietaryAwareness #PublicHealth,#CaffeineAwareness #HealthEducation #NutritionFacts #WellnessTips #HealthyHabits #DietaryAwareness #PublicHealth,A clean flat-lay visual showing coffee and tea cups alongside a packaged nutrition label under soft natural light.,"This content provides general educational information on caffeine sources and dietary label awareness, and does not constitute medical advice or personalized nutritional guidance.",
10,SAFE_WITH_EDITS,fixed timeframe recommendation in narration,Understanding How Alcohol Impacts Your Nightly Sleep Quality,"While alcohol may initially induce drowsiness, research indicates that it disrupts sleep architecture, suppresses REM sleep, and frequently leads to fragmented rest and nighttime awakenings as the body processes it.","1. क्या आपने कभी गौर किया है कि रात में alcohol पीने से आपकी sleep quality पर क्या असर पड़ता है? | 2. Research बताती है कि alcohol शुरुआत में mild sedative की तरह काम करके नींद लाने में मदद कर सकता है। | 3. हालांकि, जैसे-जैसे शरीर alcohol को process करता है, यह sleep architecture को disrupt कर सकता है। | 4. इसकी वजह से रात के दूसरे हिस्से में frequent awakenings और REM sleep में कमी आ सकती है। | 5. अध्ययन बताते हैं कि evening alcohol consumption से overall sleep continuity और restful duration प्रभावित हो सकते हैं। | 6. हर व्यक्ति का शरीर अलग तरह से respond करता है, इसलिए अपने sleep patterns और personal response को समझना महत्वपूर्ण है। | 7. Disclaimer: यह video केवल general education के लिए है; medical advice या personal diagnosis के लिए हमेशा qualified professional से consult करें।","Curious about how evening drinks influence your nightly rest? While alcohol can make you feel drowsy initially, studies indicate it can fragment sleep architecture and reduce REM sleep later in the night. Understanding these patterns helps explore general sleep hygiene. Disclaimer: Educational overview only; not medical advice. Consult a healthcare professional for personal sleep concerns. #SleepQuality #AlcoholAndSleep #HealthEducation #SleepHygiene #WellnessTips #HealthyHabits",#SleepQuality #AlcoholAndSleep #HealthEducation #SleepHygiene #WellnessTips #HealthyHabits #SleepHealth,A soft ambient bedroom scene with a glass of water on a bedside table under warm lighting.,This content is strictly for general educational purposes and does not provide medical diagnoses or personalized clinical advice.,
11,SAFE_WITH_EDITS,imperative phrasing in draft,Walking Meetings And Daily Movement Overview,"Public health research indicates that incorporating low-barrier daily movement, such as walking meetings, can help reduce sedentary time and support overall physical well-being.","1. Kya busy schedule ki wajah se physical movement ke liye time nikalna mushkil lagta hai? | 2. Research batati hai ki walking meetings jaisi low-barrier daily movement sedentary time ko kam karne mein madad kar sakti hain. | 3. Jab office discussions ya casual catch-ups ke dauran chalne ka vikalp chuna jata hai, toh daily activity badh sakti hai. | 4. Mayo Clinic aur CDC ke anusaar, regular walking cardiovascular health aur overall wellness ko support kar sakti hai. | 5. Is tarah ke simple adjustments se daily routine mein physical activity ko bina kisi extreme pressure ke integrate kiya ja sakta hai. | 6. Yeh video kewal general health education aur awareness ke liye hai, aur yeh kisi medical diagnosis ka vikalp nahi hai. | 7. Apni health condition ke anusaar kisi bhi naye movement pattern ko apnane se pehle qualified healthcare professional se consult karein.","Research indicates that incorporating low-barrier daily movement, such as walking meetings, can help reduce sedentary time and support overall wellness. Understanding how simple movement adjustments fit into a daily routine provides helpful public health context. Disclaimer: For general educational purposes only; consult a healthcare professional for personalized guidance. #WalkingMeetings #DailyMovement #PublicHealth #Wellness #HealthyHabits #FitnessTips #ActiveLifestyle",#WalkingMeetings #DailyMovement #PublicHealth #Wellness #HealthyHabits #FitnessTips #ActiveLifestyle,"A clean, professional outdoor park setting showing a person walking thoughtfully during a casual discussion.","This content provides general educational information only and does not constitute medical diagnosis, treatment advice, or personal health prescriptions.",
12,SAFE_AS_IS,NONE,Integrating Strength Activities Into Your Weekly Movement Routine,Public health guidelines from the WHO and CDC describe muscle-strengthening activities as a key component of weekly physical movement supporting overall well-being.,"1. दैनिक movement में strength activities को शामिल करना overall health के लिए helpful हो सकता है। | 2. Research के अनुसार, major muscle groups को involve करने वाली activities weekly routine का important part हैं। | 3. World Health Organization और CDC guidelines suggest करती हैं कि weekly routine में strength movements beneficial हो सकते हैं। | 4. यह simple bodyweight movements या resistance exercises के रूप में daily life में integrate की जा सकती हैं। | 5. Consistency और gradual progression से body को strength और balance maintain करने में support मिल सकता है। | 6. किसी भी new routine को start करने से पहले professional guidance लेना advisable होता है। | 7. Disclaimer: यह content educational purpose के लिए है और professional medical advice या diagnosis substitute नहीं करता।","Weekly movement ke sath strength activities ko jodna overall fitness aur mobility ke liye ek helpful approach ho sakta hai. Public health guidance ke mutabik, major muscle groups ko involve karne wali activities physical well-being को support karti hain. Disclaimer: Yeh post sirf educational purpose के लिए है और medical advice ya diagnosis nahi hai. Apni health routine me koi bhi bada change karne se pehle professional doctor ya physical expert से consult zaroor karein.",#PhysicalActivity #StrengthTraining #HealthEducation #WellnessTips #MovementCulture #FitnessGuidance #HealthyLiving,"A clean, bright split-screen visual showing a person engaged in light resistance stretching alongside a public health movement icon.","This content provides general educational information on physical movement guidelines and does not constitute personalized medical advice, diagnosis, or prescription.",
13,SAFE_WITH_EDITS,Mixed script / Devanagari artifact in Hinglish narration,Nature Exposure And Attention Restoration: What Research Shows,"Environmental psychology research, including Attention Restoration Theory, indicates that brief exposure to natural environments can help replenish cognitive resources and support mental focus.","1. Kya aapko lagta hai ki aapki focus power thak gayi hai? Research describe karti hai ki hamara brain continuous digital stimulation se fatigued ho sakta hai. | 2. Is condition ko mental fatigue kehte hain. Psychology mein ek concept hai jise Attention Restoration Theory kaha jata hai. | 3. Yeh theory yeh suggest karti hai ki natural environments mein waqt bitane se cognitive resources ko replenish karne mein madad mil sakti hai. | 4. Kuch studies indicate karti hain ki green spaces mein waqt bitane se attention aur concentration ke measures improve ho sakte hain. | 5. Nature mein soft fascination hoti hai jo hamari directed attention ko rest dene ka kaam karti hai. | 6. Iska matlab yeh nahi ki nature sabhi challenges ko magic se solve kar dega, par yeh ek healthy routine ka part zaroor ho sakta hai. | 7. Disclaimer: Yeh video sirf general education aur awareness ke liye hai; yeh medical advice ya diagnosis nahi hai, isliye personal health concerns ke liye doctor ya professional se consult karein.","Feeling mentally fatigued from screens? Research in environmental psychology, including Attention Restoration Theory, suggests spending time in nature may help restore attention and cognitive function. While individual responses vary, outdoor walks can help refresh focus. Disclaimer: For general education only; consult a professional for health concerns. #NatureAndHealth #AttentionRestoration #MentalWellness #GreenSpace #Focus #PublicHealth #Wellbeing",#NatureAndHealth #AttentionRestoration #MentalWellness #GreenSpace #Focus #PublicHealth #Wellbeing,"A calm, green park path during daylight, visually representing an inviting space for a reflective outdoor walk.","This content provides general educational information about environmental psychology research and does not constitute medical diagnosis, treatment, or personalized healthcare advice.",
14,SAFE_WITH_EDITS,minor phrasing adjustments to avoid prescriptive exercise instructions,Postural Variability And Movement During Desk Work,Incorporating postural variability and gentle position shifts during prolonged desk work can help reduce static muscle strain and support workplace comfort.,"1. लंबे समय तक desk work करते समय posture में बदलाव और movement variability का research में खास महत्व बताया गया है। | 2. Research दर्शाती है कि एक ही position में लंबे समय तक बैठने से muscles पर static strain आ सकता है। | 3. हल्की सी postural variability, जैसे position बदलना या desk पर movement करना, discomfort को कम करने में मददगार हो सकती है। | 4. Studies यह भी note करती हैं कि desk tasks के दौरान natural movement से body fatigue को manage किया जा सकता है। | 5. बीच-बीच में position shifts करना daily desk routines में movement variability बनाए रखने का सामान्य तरीका है। | 6. हर व्यक्ति की physical requirements अलग होती हैं, इसलिए व्यक्तिगत comfort और health needs का ध्यान रखना जरूरी है। | 7. Disclaimer: यह content केवल general education के लिए है और किसी medical diagnosis या treatment का विकल्प नहीं है।",Prolonged desk work and static postures can contribute to discomfort over time. Research highlights that introducing postural variability and gentle movement shifts can support office wellness. Discover how mindful micro-movements during the workday may help manage fatigue.\n\nDisclaimer: Educational content only. Not medical advice. Consult a qualified professional for personalized guidance.\n\n#Ergonomics #DeskWork #PosturalVariability #OfficeHealth #WorkplaceWellness #MovementVariability #PostureCare #HealthEducation,#Ergonomics #DeskWork #PosturalVariability #OfficeHealth #WorkplaceWellness #MovementVariability #PostureCare #HealthEducation,An office workstation showing subtle postural adjustments and ergonomic seating cues during desk work.,This content provides general educational information on desk ergonomics and is not a substitute for professional medical advice or clinical diagnosis.,
15,SAFE_WITH_EDITS,fixed duration targets in narration,Starting Physical Activity With Small And Sustainable Steps,"Public health guidelines from the CDC and World Health Organization indicate that beginning physical activity with small, manageable steps and gradually increasing intensity supports long-term health habits.","1. फिटनेस journey शुरू करना overwhelming लग सकता है, लेकिन research बताती है कि small steps से शुरुआत करना helpful हो सकता है। | 2. World Health Organization guidelines के अनुसार, individuals कम intensity की physical activity से शुरुआत करके धीरे-धीरे आगे बढ़ सकते हैं। | 3. CDC भी यह सुझाव देता है कि daily routine में छोटे movement breaks जोड़कर active habits बनाई जा सकती हैं। | 4. अचानक heavy workout शुरू करने के बजाय, हल्की walks या stretching से शुरुआत करना अधिक sustainable होता है। | 5. Consistency maintain करने के लिए अपने pace के अनुसार आगे बढ़ना और अपनी body के संकेतों को समझना जरूरी है। | 6. यह content केवल general education के लिए है और यह professional medical advice या diagnosis का substitute नहीं है। | 7. किसी भी नई physical activity को शुरू करने से पहले qualified healthcare professional से परामर्श करना हमेशा सुरक्षित होता है।","Starting physical activity doesn't have to be overwhelming. Public health guidelines from the CDC and World Health Organization suggest that starting with small, manageable steps and gradually increasing activity supports long-term habits. Remember that this video is for general educational purposes only and does not constitute medical advice. #PhysicalActivity #FitnessJourney #HealthTips #Wellness #HealthyHabits #CDC #WHO",#PhysicalActivity #FitnessJourney #HealthTips #Wellness #HealthyHabits #CDC #WHO,A clean split-screen showing a person lacing up comfortable walking shoes next to a gentle outdoor park path.,"This content provides general educational information on physical activity habits and does not offer medical advice, diagnosis, or personalized prescriptions.",
16,SAFE_WITH_EDITS,"Viewer prompt (\""try\"") removed; non-diagnostic phrasing verified",Understanding Breathing Pace and Cognitive Focus for General Well-Being,Controlled breathing practices and slower respiration rates can serve as a helpful physiological cue to support sustained attention and general cognitive focus.,"1. क्या कभी ऐसा महसूस हुआ है कि लंबे काम के घंटों के दौरान एकाग्रता कम हो जाती है? | 2. वैज्ञानिक अध्ययनों के अनुसार, सांस लेने की गति (breathing pace) और मानसिक फोकस के बीच संबंध हो सकता है। | 3. जब श्वास की गति पर सचेत रूप से ध्यान दिया जाता है, तो यह तंत्रिका तंत्र को शांत करने में सहायक हो सकती है। | 4. अनुसंधान बताते हैं कि इस तरह के श्वास अभ्यास निरंतर ध्यान (sustained attention) को बनाए रखने में मदद करते हैं। | 5. श्वास की गति का यह अवलोकन दैनिक जीवन में मानसिक स्पष्टता और आत्म-नियमन का एक सामान्य साधन है। | 6. यह सामग्री केवल सामान्य स्वास्थ्य शिक्षा के उद्देश्य से है और किसी भी चिकित्सीय स्थिति का निदान या उपचार नहीं करती है। | 7. व्यक्तिगत स्वास्थ्य संबंधी मार्गदर्शन के लिए हमेशा योग्य स्वास्थ्य देखभाल पेशेवर से परामर्श लें।",क्या आप जानते हैं कि सांस लेने की गति (breathing pace) में बदलाव आपके focus को बेहतर बनाने में कैसे मदद कर सकता है? वैज्ञानिक अनुसंधान बताते हैं कि नियंत्रित श्वास अभ्यास sustained attention और cognitive focus को सपोर्ट कर सकते हैं। यह दैनिक जीवन के लिए एक सरल शैक्षणिक दृष्टिकोण है।\\n\\nDisclaimer: Educational purposes only. Not medical advice. Consult a qualified healthcare professional for personalized guidance.\\n\\n#Breathwork #Mindfulness #Focus #CognitiveHealth #StressRelief #Wellbeing #Education,#Breathwork #Mindfulness #Focus #CognitiveHealth #StressRelief #Wellbeing #Education,"A calm, minimalist overhead shot of a person seated near a window with soft natural light, maintaining an upright posture.","This content provides general educational information on breathing practices for attention and does not diagnose, treat, or replace professional medical guidance.",
17,SAFE_WITH_EDITS,mental health discussion; non-diagnostic education,Exploring Mindfulness As Present Moment Awareness,Research from public health institutions indicates that practicing mindfulness and present-moment awareness can help reduce stress and support general emotional well-being as part of educational self-care.,"1. क्या आपने कभी महसूस किया है कि आपका mind हर वक्त past या future में भागता रहता है? | 2. Research describes mindfulness as the practice of purposely noticing present-moment experience without judgment. | 3. जब हम अपने surrounding sensations और thoughts को बिना किसी distraction के observe करते हैं, तो autopilot mode कम हो सकता है। | 4. Public health sources indicate that cultivating present awareness may support emotional regulation and calm. | 5. इसके लिए daily life में छोटे pauses लेना और breath पर focus करना एक helpful cue हो सकता है। | 6. ध्यान रखें, यह कोई medical treatment या instant fix नहीं है, बल्कि एक मानसिक कौशल है जो समय के साथ develop होती है। | 7. Disclaimer: यह content केवल general education के लिए है और professional medical advice का विकल्प नहीं है।",Mindfulness is the practice of noticing present-moment experiences without judgment. Public health research suggests that cultivating present awareness can help reduce stress and support emotional well-being. This Reel explores how small pauses bring attention back to the present. Disclaimer: For general education only; not medical advice. #Mindfulness #MentalHealth #PresentMoment #Wellness #HealthEducation #SelfCare,#Mindfulness #MentalHealth #PresentMoment #Wellness #HealthEducation #SelfCare #MindBody,"A calm person sitting quietly by a window with natural light, observing their surroundings without distraction.","This content provides general educational information on mindfulness and does not constitute medical diagnosis, psychological treatment, or personalized healthcare advice.",
18,SAFE_WITH_EDITS,EDUCATIONAL_FRAMING_REFINEMENT,Why Naming Your Emotions Can Help Calm the Mind,"Neuroimaging research indicates that putting feelings into words, known as affect labeling, may help reduce emotional reactivity by supporting neural modulation between prefrontal brain regions and the amygdala.","1. कभी-कभी जब मन भारी लगता है, तो अपनी भावना को पहचानना एक सामान्य reflection skill हो सकती है। | 2. Research बताती है कि feelings को words देना, जिसे affect labeling कहते हैं, brain activity को modulate कर सकता है। | 3. Studies दर्शाती हैं कि यह practice मस्तिष्क में raw reaction से cognitive processing की तरफ shift होने में मदद करती है। | 4. जब हम feelings को specific words देते हैं, तो emotional experience को बेहतर समझने में सहायता मिल सकती है। | 5. यह प्रक्रिया emotional overload को कम करने और मानसिक स्पष्टता बढ़ाने के लिए एक सौम्य reflection tool है। | 6. याद रखिए, यह केवल सामान्य reflection practice है और किसी भी मानसिक स्वास्थ्य स्थिति का उपचार नहीं है। | 7. Disclaimer: यह वीडियो केवल सामान्य शिक्षा के उद्देश्य से है; गंभीर या persistent distress के लिए किसी योग्य professional से परामर्श करें।","Naming emotions, or affect labeling, is a reflection skill studied in neuroscience to help process feelings. Research suggests putting feelings into words may reduce emotional reactivity and support self-awareness. \n\nDisclaimer: Educational content only; not mental health treatment. Consult a qualified professional for persistent distress.\n\n#EmotionalGranularity #MentalWellbeing #SelfReflection #Neuroscience #EmotionalHealth #Mindfulness #Psychology",#EmotionalGranularity #MentalWellbeing #SelfReflection #Neuroscience #EmotionalHealth #Mindfulness #Psychology,"A calm, minimalist shot of a person writing notes in a journal by a window with soft natural light.","This content provides general educational information on emotional reflection and neuroscience research, and is not a substitute for professional mental health diagnosis or treatment.",
19,SAFE_WITH_EDITS,minor phrasing refinement to ensure non-diagnostic framing and avoid fixed frequency recommendations,Exploring Journaling For Self-Observation And Emotional Awareness,"Research indicates that expressive writing and structured journaling can support emotional self-observation and stress processing, serving as a complement to personal reflection rather than a medical diagnosis.","1. Journaling या expressive writing व्यक्तिगत भावनाओं और विचारों को समझने का एक माध्यम हो सकता है। | 2. Harvard Health और APA की research दर्शाती है कि विचारों को लिखने से mental stress को कम करने में सहायता मिल सकती है। | 3. इसे मुख्य रूप से self-observation और emotional reflection के एक साधन के रूप में देखा जाता है। | 4. यह ध्यान रखना महत्वपूर्ण है कि journaling किसी भी प्रकार के medical diagnosis या professional treatment का विकल्प नहीं है। | 5. व्यक्तिगत अनुभवों में भिन्नता हो सकती है, और यह प्रक्रिया हर व्यक्ति के लिए अलग असर दिखा सकती है। | 6. सतत मानसिक स्वास्थ्य चिंताओं या गंभीर तनाव की स्थिति में हमेशा योग्य mental health professional से परामर्श करना चाहिए। | 7. Disclaimer: यह वीडियो केवल सामान्य शिक्षा और जागरूकता के लिए है, और यह चिकित्सीय सलाह या निदान नहीं है।","Journaling can be a useful tool for emotional reflection and self-observation, helping process thoughts rather than serving as a diagnostic tool. Research from institutions like Harvard Health and APA notes that expressive writing may help ease stress. Always consult qualified professionals for mental health concerns.\n\nDisclaimer: For general education only; not medical advice.\n\n#Journaling #SelfObservation #MentalWellness #ExpressiveWriting #Mindfulness #SelfReflection #EmotionalHealth",#Journaling #SelfObservation #MentalWellness #ExpressiveWriting #Mindfulness #SelfReflection #EmotionalHealth,"A clean wooden desk featuring an open blank notebook and a pen under soft, natural lighting.","This content provides general educational information on journaling for self-observation and does not constitute psychological diagnosis, medical treatment, or personalized mental healthcare advice.",
20,SAFE_AS_IS,NONE,The Science Of Self-Compassion Language After Daily Setbacks,Practicing self-compassion and supportive self-talk after daily setbacks can help regulate stress responses and build psychological resilience according to psychological research.,"1. रोज़मर्रा के setbacks के बाद हमारी internal language या self-talk हमारे stress level पर असर डाल सकती है। | 2. Harvard Health और psychology research बताती है कि harsh criticism की बजाय self-compassion अपनाना helpful हो सकता है। | 3. जब हम छोटी-सी गलती पर खुद को कोसते हैं, तो brain का stress response और तेज हो जाता है। | 4. इसके विपरीत, supportive language का इस्तेमाल करने से emotional regulation में मदद मिल सकती है। | 5. Research बताती है कि setbacks को एक normal human experience मानने से resilience build हो सकती है। | 6. इसलिए रोज़मर्रा की चुनौतियों के बाद खुद से जेंटल भाषा में बात करना एक healthy emotional cue बन सकता है। | 7. यह content केवल general education के लिए है और किसी भी professional medical advice या treatment का विकल्प नहीं है।",रोज़मर्रा के setbacks के बाद हमारी self-talk का तरीका stress level को प्रभावित कर सकता है। Research बताती है कि harsh criticism की जगह self-compassion अपनाने से emotional regulation में मदद मिल सकती है। यह वीडियो केवल general-education के लिए है। यह किसी professional medical advice का विकल्प नहीं है। #SelfCompassion #MentalHealth #Resilience #StressRelief #Psychology #Wellness,#SelfCompassion #MentalHealth #Resilience #StressRelief #Psychology #Wellness #Mindfulness,"A soft-focused, calm workspace setting with a warm cup of tea and an open notebook, symbolizing thoughtful reflection after a busy day.","This content provides educational insights on self-compassion language and does not offer psychological diagnosis, medical treatment, or personalized clinical advice.",
21,SAFE_WITH_EDITS,Prescriptive duration target; actionable individual instructions,The Science and Practice of Small Gratitude Reflections,"Research from Harvard Health and UC Berkeley suggests that reflective gratitude practices can support emotional resilience, foster positive emotions, and assist with everyday stress awareness.","1. क्या daily life में gratitude reflection जैसी reflective practices mental wellbeing और emotional wellness पर असर डाल सकती हैं? | 2. Harvard Health की research बताती है कि thanks कहने और appreciation से positive emotions को boost मिल सकता है। | 3. जब दैनिक जीवन में छोटी बातों पर ध्यान दिया जाता है, तो daily stress को समझने और संभालने में मदद मिल सकती है। | 4. UC Berkeley की studies के मुताबिक, ऐसी reflective habits emotional resilience और mental well-being को support करती हैं। | 5. Research यह भी दर्शाती है कि gratitude perspectives individuals के overall emotional outlook को positive direction दे सकते हैं। | 6. यह सामान्य जानकारी और self-awareness के लिए है, लेकिन यह professional medical advice या treatment का substitute नहीं है। | 7. Wellbeing से जुड़े किसी भी सवाल या personalized goal के लिए हमेशा qualified healthcare professional से consult करें।",छोटी gratitude reflections दैनिक wellbeing और stress awareness में मदद कर सकती हैं। Research बताती है कि mindful appreciation से positive emotions और emotional resilience improve हो सकते हैं। यह सामग्री केवल सामान्य शिक्षा के लिए है और चिकित्सीय सलाह नहीं है।\n\nDisclaimer: Educational purposes only. Not medical advice. Consult a healthcare professional for guidance.\n\n#Gratitude #MentalWellbeing #Mindfulness #SelfCare #HealthResearch #DailyReflection #Wellbeing,#Gratitude #MentalWellbeing #Mindfulness #SelfCare #HealthResearch #DailyReflection #Wellbeing,"A calm, warm-toned flat lay featuring a closed journal, a pen, and a warm cup of tea on a wooden desk with soft morning sunlight.","This content provides general educational information on gratitude reflections and does not offer medical diagnoses, psychological therapy, or personalized health recommendations.",
22,SAFE_WITH_EDITS,NONE,Meaningful Hobbies and Everyday Recovery Support,"Research indicates that participating in enjoyable leisure and hobby activities can act as a natural restorer, supporting everyday recovery from daily stress and promoting psychological well-being.","1. रोज़मर्रा के तनाव से उबरने के संबंध में रिकवरी गतिविधियों की भूमिका को समझना उपयोगी हो सकता है। | 2. शोध यह संकेत देता है कि आनंददायक और अर्थपूर्ण हॉबीज़ तनाव से रिकवरी और मानसिक शांति में सहायक हो सकती हैं। | 3. जब कोई व्यक्ति अपनी पसंद की गतिविधियों में शामिल होता है, तो यह मानसिक विश्राम का एक प्राकृतिक साधन बन सकती है। | 4. इस तरह की गतिविधियाँ दैनिक जिम्मेदारियों से मानसिक अलगाव यानी साइकोलॉजिकल डिटैचमेंट को बढ़ावा दे सकती हैं। | 5. अध्ययनों में यह देखा गया है कि फुर्सत के पलों में रुचिपूर्ण कार्य करना मानसिक कल्याण के साथ जुड़ा हो सकता है। | 6. यह वीडियो केवल सामान्य स्वास्थ्य शिक्षा और जागरूकता के लिए है, किसी चिकित्सीय निदान या उपचार नहीं। | 7. स्वास्थ्य संबंधी किसी भी व्यक्तिगत चिंता या प्रश्न के लिए हमेशा योग्य स्वास्थ्य देखभाल पेशेवर से परामर्श लें।","Rozmarra ke stress se recovery aur mental well-being ke sandarbh mein meaningful hobbies aur leisure activities ki bhumika ko samjha ja sakta hai. Research ke mutabiq, pasandida activities stress restorers ki tarah kaam kar sakti hain. Disclaimer: Yeh content sirf general education ke liye hai, koi medical diagnosis ya treatment nahi. Health concerns ke liye doctor se salah lein. #MentalHealth #Hobbies #Recovery #WellBeing #SelfCare #HealthEducation #Mindfulness",#MentalHealth #Hobbies #Recovery #WellBeing #SelfCare #HealthEducation #Mindfulness,"A calm tabletop arrangement with a journal, a pen, and a potted plant in soft natural light.","This content provides general educational information only and does not constitute medical diagnosis, treatment, or professional advice.",
23,SAFE_WITH_EDITS,minor phrasing adjustments for non-prescriptive tone,Lifelong Learning And Brain Health Education Insights,Research indicates that continuous cognitive engagement and lifelong learning support cognitive resilience and brain health over time.,"1. क्या आप जानते हैं कि जीवनभर नई चीजें सीखना मस्तिष्क के स्वास्थ्य को कैसे समर्थन दे सकता है? | 2. National Institute on Aging के अनुसार, हमारा दिमाग उम्र बढ़ने के साथ भी नई जानकारी और कौशल को आत्मसात कर सकता है। | 3. जब हम कोई नई गतिविधि या कौशल सीखते हैं, तो यह मानसिक जुड़ाव यानी cognitive engagement को बढ़ावा देता है। | 4. Harvard Health की रिपोर्ट बताती है कि इस तरह की मानसिक उत्तेजना से संज्ञानात्मक लचीलापन मजबूत होता है। | 5. यह किसी भी चिकित्सीय स्थिति का इलाज या निदान नहीं है, बल्कि स्वस्थ जीवन शैली का हिस्सा है। | 6. नियमित रूप से मानसिक गतिविधियों में भाग लेना मस्तिष्क की सक्रियता को समझने का एक शैक्षिक तरीका है। | 7. Disclaimer: यह content केवल general education के लिए है और किसी भी professional medical advice का विकल्प नहीं है।",Lifelong learning and cognitive engagement support brain health education. Research from the NIA and Harvard Health shows continuous mental stimulation builds cognitive resilience. Exploring new skills contributes to overall wellness.\n\nDisclaimer: For general education only. Not medical advice. Consult a healthcare professional.\n\n#BrainHealth #LifelongLearning #CognitiveReserve #MentalWellness #HealthyAging #BrainFitness #PublicHealth,#BrainHealth #LifelongLearning #CognitiveReserve #MentalWellness #HealthyAging #BrainFitness #PublicHealth,"A clean, well-lit study space with an open notebook and a book, representing lifelong learning and cognitive engagement.","This content provides general educational information on cognitive engagement and does not offer medical diagnoses, treatments, or personalized health recommendations.",
24,SAFE_WITH_EDITS,NONE,Reading Habits and Focused Attention: What Research Shows,"Research indicates that regular reading habits are positively associated with cognitive performance, brain structure development, and sustained attention capacities.","1. Kya aapne kabhi socha hai ki reading habits aur focused attention ke beech kya connection ho sakta hai? | 2. Research describe karti hai ki regular reading children aur adolescents mein cognitive performance ko support kar sakti hai. | 3. Studies ke mutabiq, reading activities brain structure aur sustained attention networks ko positively influence kar sakti hain. | 4. Yeh habits mental well-being aur concentration build karne mein ek helpful routine ke roop mein dekhi ja sakti hain. | 5. Lekin yeh dhyan rakhna zaroori hai ki har individual ka response alag hota hai aur yeh koi medical treatment nahi hai. | 6. Agar aapko focus ya cognitive concerns hain, toh kisi qualified healthcare professional se consult karna advisable hota hai. | 7. Disclaimer: Yeh content sirf general education aur awareness ke liye hai, medical advice ya diagnosis nahi.",Exploring the science behind reading habits and focused attention! Research suggests that consistent reading routines support cognitive performance and concentration over time. \\n\\nDisclaimer: Educational purposes only. Not medical advice. Consult a healthcare professional for personal concerns.\\n\\n#ReadingHabits #FocusedAttention #BrainHealth #CognitiveScience #MentalWellbeing #ReadingForPleasure #BrainDevelopment,#ReadingHabits #FocusedAttention #BrainHealth #CognitiveScience #MentalWellbeing #ReadingForPleasure #BrainDevelopment,"A clean, warm-toned flat lay featuring an open book on a wooden desk with soft natural window light.","This content provides general educational information on cognitive research and reading habits only, and does not offer medical diagnoses, treatments, or personalized health prescriptions.",
25,SAFE_AS_IS,NONE,Music Listening and Mood Awareness: Scientific Insights Explained,Research in psychological science describes how intentional music listening can serve as a functional tool for mood regulation and emotional self-awareness.,"1. क्या आपने कभी गौर किया है कि पसंदीदा music सुनने से mood कैसे बदल जाता है? | 2. Psychological research के अनुसार, music listening emotional self-awareness का एक प्रभावी माध्यम बन सकती है। | 3. Studies दिखाती हैं कि लोग अक्सर अपने current mood को regulate करने या arousal को modulate करने के लिए music का उपयोग करते हैं। | 4. जब हम consciously music सुनते हैं, तो यह हमारे internal emotional states को समझने में मदद कर सकता है। | 5. हालांकि, यह ध्यान रखना आवश्यक है कि music केवल mood awareness और emotional reflection में सहायक cue हो सकता है, कोई medical treatment नहीं। | 6. हर व्यक्ति का musical preference और emotional response अलग हो सकता है, इसलिए इसे व्यक्तिगत अनुभव के रूप में देखना चाहिए। | 7. यह video केवल general education के लिए है; किसी भी mental health concern के लिए qualified professional से सलाह लें।",Research explores how intentional music listening acts as a functional tool for mood awareness and emotional self-awareness. Studies show that music may help modulate arousal and reflect internal emotional states. Educational overview only—not medical advice. Consult a professional for health concerns.,#MusicPsychology #MoodAwareness #EmotionalRegulation #MentalWellbeing #SoundScience #PsychologyResearch #HealthEducation,"A clean, minimalist graphic of a pair of headphones resting next to a soft gradient background representing emotional balance.","This content provides general scientific insights into music psychology and is strictly for educational purposes, not clinical diagnosis or treatment.",
26,SAFE_WITH_EDITS,directive framing; adjusted lifestyle recommendation,Single-Tasking Versus Task Switching: What Research Shows,"Research from Stanford University and Harvard Health indicates that while frequent task switching may increase cognitive load, single-tasking supports sustained focus and mental clarity.","1. क्या आप भी एक साथ कई काम करने की आदत से घिरे हैं? | 2. रिसर्च बताती है कि लगातार task switching से cognitive load बढ़ सकता है। | 3. Stanford University के अध्ययन के अनुसार, बार-बार focus बदलने से working memory प्रभावित होती है। | 4. इसके विपरीत, single-tasking यानी एक समय पर एक ही काम पर ध्यान केंद्रित करना संभव बनाता है। | 5. Harvard Health के अनुसार, monotasking से mental clarity और sustained focus में मदद मिलती है। | 6. Disclaimer: यह content केवल general education के लिए है और किसी भी medical condition का diagnosis या treatment नहीं है। | 7. किसी भी व्यक्तिगत स्वास्थ्य या संज्ञानात्मक चिंता के लिए हमेशा qualified healthcare professional से consult करें।","क्या बार-बार task switching आपके ध्यान को प्रभावित करती है? Harvard Health और Stanford University की रिसर्च के अनुसार, single-tasking और monotasking cognitive focus और mental clarity को समझने में मदद करते हैं। जानिए इस विषय पर क्या कहती है विज्ञान।\n\nDisclaimer: Educational purposes only. Not medical advice. Consult a qualified professional for personalized guidance.\n\n#SingleTasking #Focus #BrainHealth #MentalWellness #Productivity #Mindfulness #CognitiveHealth",#SingleTasking #Focus #BrainHealth #MentalWellness #Productivity #Mindfulness #CognitiveHealth,"A clean minimalist desktop showing a single open notebook and pen, representing focused single-tasking.","This video provides educational information on cognitive focus and does not offer medical advice, diagnosis, or clinical recommendations.",
27,SAFE_WITH_EDITS,NONE,Smart Notification Settings Can Protect Your Focus and Attention,Research in cognitive psychology indicates that managing smartphone notifications can reduce cognitive switching costs and support sustained attention during daily tasks.,1. क्या आपको भी बार-बार आने वाले smartphone notifications से concentration में distraction महसूस होती है? | 2. Recent research बताती है कि बार-बार आने वाली notifications एक temporary attention shift पैदा करती हैं। | 3. इन interruptions की वजह से cognitive control पर असर पड़ सकता है और दोबारा focus करने में समय लगता है। | 4. अपने device की notification settings को समझना attention management में मददगार हो सकता है। | 5. Non-essential alerts को mute करने या focus modes का उपयोग करने से interruptions को कम किया जा सकता है। | 6. अध्ययन बताते हैं कि notifications को प्रबंधित करने से ध्यान केंद्रित रखने में सहायता मिल सकती है। | 7. Disclaimer: यह जानकारी केवल general education के लिए है और किसी भी professional या clinical advice का विकल्प नहीं है।,"Constant smartphone notifications can fragment our attention and disrupt focus during daily tasks. Research in cognitive psychology shows that managing notifications and utilizing focus modes may help reduce cognitive switching costs and support concentration.\\n\\nDisclaimer: Educational content only, not clinical or medical advice. Consult a qualified professional for personalized guidance.\\n\\n#DigitalWellbeing #FocusManagement #MindfulTech #ProductivityTips #AttentionSpan #HealthyHabits #CognitiveHealth",#DigitalWellbeing #FocusManagement #MindfulTech #ProductivityTips #AttentionSpan #HealthyHabits #CognitiveHealth,A clean smartphone display showing focus mode settings with blurred background elements representing calm concentration.,This content provides general educational information on digital attention management and does not constitute psychological or clinical diagnosis.,
28,SAFE_AS_IS,NONE,Navigating Digital Boundaries Between Work and Rest,"Research indicates that after-hours digital connectivity can elevate stress, while establishing clear workplace boundaries supports psychological recovery during rest periods.","1. आधुनिक डिजिटल युग में काम और विश्राम के बीच की रेखाएँ अक्सर धुंधली हो जाती हैं। | 2. शोध इंगित करता है कि ऑफ-वर्क्स घंटों में लगातार डिजिटल कनेक्टिविटी से तनाव बढ़ सकता है। | 3. निरंतर स्क्रीन का उपयोग मानसिक स्वास्थ्य और रिकवरी की प्रक्रिया को प्रभावित कर सकता है। | 4. ऐसी स्थिति में स्पष्ट डिजिटल बाउंड्रीज़ स्थापित करना मानसिक संतुलन के लिए उपयोगी हो सकता है। | 5. काम के बाद नोटिफिकेशन बंद करना या डिवाइस से दूरी बनाना रिकवरी में सहायक हो सकता है। | 6. दैनिक जीवन में ऐसे छोटे और सचेत बदलाव स्थिरता और बेहतर फोकस को बढ़ावा दे सकते हैं। | 7. यह वीडियो केवल सामान्य स्वास्थ्य शिक्षा हेतु है, किसी भी चिकित्सीय निदान का विकल्प नहीं।","क्या आप भी काम के बाद अपने फोन से जुड़े रहते हैं? शोध बताते हैं कि ऑफ-वर्क्स घंटों में डिजिटल कनेक्टिविटी मानसिक रिकवरी को प्रभावित कर सकती है। स्पष्ट डिजिटल बाउंड्रीज़ सेट करने से फोकस और रेस्ट बेहतर हो सकता है। जानिए कैसे छोटे बदलाव मदद कर सकते हैं। यह पोस्ट केवल सामान्य स्वास्थ्य शिक्षा और जागरूकता के लिए है, किसी चिकित्सीय सलाह का विकल्प नहीं।",#DigitalBoundaries #MentalWellbeing #WorkLifeBalance #DigitalDetox #HealthEducation #WorkplaceWellness #RestAndRecovery,"A calm desktop setup with a closed laptop and a warm cup of tea placed beside it, representing offline rest.",This content provides educational insights on digital boundaries and is not a substitute for professional mental health advice or medical diagnosis.,
29,SAFE_WITH_EDITS,NONE,Building Better Habits Using If-Then Planning Strategies,Behavioral research indicates that implementation intentions—structured if-then plans—help bridge the gap between goals and daily actions by linking specific situations with goal-directed responses.,"1. Kya aapne kabhi notice kiya hai ki goals banana aasaan hota hai, par unhe follow karna mushkil? | 2. Behavioral science mein ek technique hai jise implementation intentions ya if-then planning kehte hain. | 3. Research describe karti hai ki jab hum pehle se decide kar lete hain ki agar yeh situation aayegi, toh main yeh action lunga, toh action lena aasaan ho sakta hai. | 4. Jaise ki, agar raat ko dinner ke baad walk karni hai, toh main apne shoes pehle se door par rakhunga. | 5. Yeh simple cues brain ke liye automatic response build karne mein over time madad kar sakte hain. | 6. Yeh content sirf general education ke liye hai aur kisi bhi medical ya personal prescription ka substitute nahi hai. | 7. Apni personal wellness journey ke liye hamesha qualified professional se guidance lein.","Curious about how if-then planning can support your daily habits? Behavioral science explores how implementation intentions bridge intention and action. Watch to learn more about cue-based planning. Disclaimer: For general educational purposes only and does not constitute medical, psychological, or professional advice. Always consult a qualified expert for personalized guidance. #HabitFormation #BehavioralScience #IfThenPlanning #ImplementationIntentions #ProductivityTips #WellnessEducation #GoalSetting",#HabitFormation #BehavioralScience #IfThenPlanning #ImplementationIntentions #ProductivityTips #WellnessEducation #GoalSetting,"A clean, minimalist flatlay showing a notebook with structured if-then habit notes next to a water bottle.","This content provides general educational insights on behavioral planning concepts only and does not diagnose, treat, or prescribe medical or psychological interventions.",
30,SAFE_WITH_EDITS,NONE,The Science Of Habit Stacking For Daily Routine Integration,Behavioural science research indicates that anchoring new actions to established daily routines can reduce cognitive effort and support consistent habit formation.,"1. रोजाना की दिनचर्या में नए बदलाव लाना कठिन लग सकता है, लेकिन behavioural science में habit stacking एक अध्ययनरत अवधारणा है। | 2. Research दर्शाती है कि जब किसी नई गतिविधि को किसी स्थापित दैनिक routine से जोड़ा जाता है, तो उसे याद रखना सुगम हो सकता है। | 3. उदाहरण के लिए, किसी नियमित दैनिक कार्य के साथ एक छोटी सी सहायक गतिविधि को संलग्न करना एक सामान्य प्रक्रिया है। | 4. यह दृष्टिकोण cognitive effort को कम कर सकता है क्योंकि पुराना routine स्वतः ही एक reminder की भांति कार्य करता है। | 5. वैज्ञानिक अध्ययन बताते हैं कि ऐसे cue-based तौर-तरीके दीर्घकालिक व्यवहारिक निरंतरता को बढ़ावा देने में सहायक हो सकते हैं। | 6. प्रत्येक व्यक्ति की व्यक्तिगत परिस्थितियां और प्रतिक्रियाएं भिन्न हो सकती हैं, इसलिए परिणाम व्यक्ति-दर-व्यक्ति बदल सकते हैं। | 7. Disclaimer: यह सामग्री केवल सामान्य शिक्षा और जागरूकता के लिए है; यह चिकित्सीय सलाह, निदान या उपचार का विकल्प नहीं है।",Behavioural science research explores how anchoring new actions to established daily routines can reduce cognitive effort and support consistency. Studies suggest that structured cue-based planning helps bridge intention and behaviour. Results vary by individual. This content is for general education only and does not provide medical or clinical advice. #HabitStacking #BehaviouralScience #DailyRoutine #HealthEducation #HabitFormation #WellnessTips #RoutineBuilding,#HabitStacking #BehaviouralScience #DailyRoutine #HealthEducation #HabitFormation #WellnessTips #RoutineBuilding,"A minimalist split-screen visual showing a cup of coffee alongside a clean journal entry, illustrating daily routine integration.","This educational overview explains habit stacking research concepts only and does not diagnose, treat, or provide personalized medical or psychological advice.",
31,SAFE_WITH_EDITS,minor outcome certainty in draft; added consultation prompt,Reducing Environmental Friction for Positive Daily Routines,Behavioral research indicates that reducing environmental friction and simplifying preparation steps can help make positive daily routines more accessible and easier to maintain over time.,"1. जब हम कोई नया पॉजिटिव रूटीन शुरू करते हैं, तो मस्तिष्क अतिरिक्त प्रयास से बचना चाहता है। | 2. बिहेवियरल साइंस रिसर्च बताती है कि एनवायरनमेंटल फ्रिक्शन कम करने से हेल्दी चॉइस आसान हो सकती हैं। | 3. छोटे-छोटे बैरियर्स जैसे सामान दूर रखना या प्रिपरेशन की कमी, पॉजिटिव हैबिट्स को रोक सकती है। | 4. अगर आप जरूरी सामान पहले से तैयार रखते हैं, तो एक्शन लेना काफी सिम्पल हो जाता है। | 5. स्टडीज के मुताबिक, क्यूज और स्मूथ पाथवेज़ हैबिट फॉर्मेशन प्रोसेस को सपोर्ट कर सकते हैं। | 6. इस स्ट्रेटेजी से रूटीन रिपीटेशन में निरंतरता और पॉजिटिव बदलाव में मदद मिल सकती है। | 7. Disclaimer: यह वीडियो केवल सामान्य शिक्षा के लिए है; व्यक्तिगत मार्गदर्शन के लिए हमेशा योग्य स्वास्थ्य या मानसिक स्वास्थ्य पेशेवर से परामर्श करें।","Behavioral science shows that reducing environmental friction can help make positive routines easier to maintain over time. By simplifying steps and preparing cues, consistency may improve. Note: This content is for general education and awareness only and does not constitute medical or psychological advice. Always consult a qualified professional for personalized guidance. #HabitFormation #BehavioralScience #PositiveRoutine #EnvironmentalDesign #HealthyHabits #Psychology #DailyRoutine",#HabitFormation #BehavioralScience #PositiveRoutine #EnvironmentalDesign #HealthyHabits #Psychology #DailyRoutine,"A neat desk setup featuring an open journal and a pen, highlighting structured preparation and environmental design for habits.","This content provides general educational insights on behavioral habits and does not offer medical diagnosis, psychological treatment, or personal health prescriptions.",
32,SAFE_WITH_EDITS,NONE,How Adding Environmental Friction Can Help Disrupt Unwanted Habits,Research from Harvard Health and NIH indicates that altering environmental cues and adding deliberate friction can disrupt automatic habit loops to support general behavioral modification.,"1. क्या आपके कुछ ऐसे automatic habits हैं जिन्हें आप बदलना चाहते हैं? | 2. Research describe करती है कि हमारा environment हमारे actions को बिना सोचे-समझे guide करता है। | 3. Unwanted routines के बीच में deliberate friction या barrier add करने से automaticity break हो सकती है। | 4. जैसे, distracting items को sight से हटाना या phone को दूर रखना एक helpful cue बन सकता है। | 5. Behavioral science के अनुसार, ऐसे environmental changes habit loops को disrupt करने में मदद कर सकते हैं। | 6. हर habit pattern unique होता है, इसलिए अपनी pace के अनुसार flexible adjustments explore करें। | 7. यह वीडियो केवल general education के लिए है और किसी भी professional medical advice का विकल्प नहीं है।",Automatic habits को break करने के लिए environmental friction एक helpful tool हो सकता है। Research बताती है कि cues को adjust करके unwanted routines को slow down किया जा सकता है। यह content केवल general education के लिए है और professional advice का विकल्प नहीं है। #HabitChange #BehavioralScience #ChoiceArchitecture #MindfulLiving #HealthEducation #WellnessScience #Psychology,#HabitChange #BehavioralScience #ChoiceArchitecture #MindfulLiving #HealthEducation #WellnessScience #Psychology,"A split-screen view showing a phone placed inside a locked container next to a clean desk, illustrating environmental friction.","This content provides general educational information on habit psychology and does not diagnose, treat, or replace professional medical or psychological advice.",
33,SAFE_WITH_EDITS,minor phrasing refinement in narration,Tracking Habits Without Perfectionism: A Behavioral Science Perspective,Behavioral science research indicates that flexible tracking and consistency over perfection support sustainable habit formation and long-term behavioral change.,"1. क्या आप भी अपने daily habit tracker को लेकर बहुत perfectionist हो जाते हैं? | 2. Behavioral science research बताती है कि rigid rules की जगह consistency और flexibility ज़्यादा असरदार होती है। | 3. जब हम tracking को एक strict test बनाते हैं, तो stress बढ़ सकता है और consistency टूट जाती है। | 4. Research से पता चलता है कि small actions और बीच में दिन छूटने पर self-compassion रखना sustainable होता है। | 5. Flexible tracking approach आपके daily routine को बनाए रखने में एक helpful guide बन सकती है। | 6. Healthy habits का मकसद balance और sustainable well-being है, न कि बिना चूके perfect streak रखना। | 7. Disclaimer: यह content केवल general education के लिए है और यह किसी medical diagnosis या treatment का विकल्प नहीं है।","Habit tracking can be a helpful tool, but perfectionism often disrupts consistency. Behavioral research indicates that flexible routines and small, repeated actions support sustainable behavior change better than rigid rules. \\n\\nDisclaimer: For general education only; not medical advice. Consult a healthcare professional for personalized guidance.\\n\\n#HabitTracking #BehavioralScience #HealthAndWellness #ConsistencyOverPerfection #MindfulLiving #WellnessTips #HealthyRoutine",#HabitTracking #BehavioralScience #HealthAndWellness #ConsistencyOverPerfection #MindfulLiving #WellnessTips #HealthyRoutine,"A clean, minimalist flat-lay of a notebook with a pen and a soft green plant leaf resting beside it.","This Reel provides general educational insights on habit tracking from behavioral science and does not offer medical advice, psychological diagnosis, or individual therapeutic prescriptions.",
34,SAFE_WITH_EDITS,NONE,Why Process Goals Matter More Than Outcome Promises,Behavioral science indicates that focusing on controllable process goals rather than distant outcome targets reduces anxiety and supports sustainable health behavior change.,"1. स्वास्थ्य goals set करते समय हम अक्सर बड़े outcome पर focus करते हैं, लेकिन research कुछ और कहती है। | 2. Outcome promises जैसे specific numbers या target पर अधिक focus करने से stress बढ़ सकता है। | 3. Behavioral science बताती है कि process goals—यानी daily habits और actions—हमारे control में अधिक होते हैं। | 4. जब आप small actions पर ध्यान देते हैं, तो consistency और confidence build हो सकते हैं। | 5. Studies describe करती हैं कि process-oriented approach anxiety को कम करके motivation को सुधार सकती है। | 6. हर व्यक्ति की response अलग होती है, इसलिए अपनी pace के अनुसार manageable steps चुनना helpful हो सकता है। | 7. यह जानकारी केवल educational purpose के लिए है; medical advice या diagnosis के लिए हमेशा qualified healthcare professional से परामर्श लें。","Focusing on process goals rather than distant outcome promises can transform how you approach healthy habits. Behavioral science shows that shifting attention to controllable daily actions reduces anxiety and builds sustainable consistency. Discover why small, manageable steps often outperform rigid target outcomes. Educational info only; consult a professional for medical guidance.",#BehavioralScience #ProcessGoals #HealthHabits #WellnessScience #GoalSetting #HealthyLifestyle #BehavioralHealth,A clean flat-lay image showing a notebook with a checklist of daily habits next to a calm workspace setup.,"This content provides general educational insights on behavioral goal-setting science and does not constitute medical diagnosis, treatment, or personalized healthcare advice.",
35,SAFE_WITH_EDITS,NONE,The Science of Short Recovery Breaks During Work,Evidence from occupational health studies indicates that taking short recovery breaks during demanding tasks can help reduce fatigue and support overall worker well-being.,"1. Kya demanding work ke dauran aapko lagataar physical strain ya thakaan mehsoos hoti hai? | 2. Occupational health research describe karti hai ki kaam ke beech chote recovery breaks fatigue reduce karne mein madad kar sakte hain. | 3. Yeh brief intervals static postures aur repetitive stress ko manage karne mein helpful ho sakte hain. | 4. Apne schedule mein chote pauses shamil karna well-being aur daily alertness ko support karne ka ek tareeqa ho sakta hai. | 5. Har workplace aur individual ki needs alag hoti hain, isliye sabke liye ek hi pattern suit nahi karta. | 6. Yeh content sirf general health education ke liye hai aur kisi medical diagnosis ya professional treatment ka substitute nahi hai. | 7. Kisi bhi persistent health concern ya discomfort ke liye hamesha qualified healthcare professional se consult karein.",Demanding work aur continuous tasks ke dauran chote recovery breaks lene se fatigue aur physical strain reduce ho sakti hai. Occupational health research describe karti hai ki yeh micro-breaks well-being aur workplace alertness ko support kar sakte hain.\n\nDisclaimer: Educational purposes only. Not medical advice. Consult a healthcare professional for persistent concerns.\n\n#MicroBreaks #WorkplaceWellness #OccupationalHealth #Ergonomics #HealthEducation #WorkWellbeing #Productivity,#MicroBreaks #WorkplaceWellness #OccupationalHealth #Ergonomics #HealthEducation #WorkWellbeing #Productivity,"A clean minimalist workspace showing a laptop and a soft focus clock, representing timed rest intervals.","This content provides general educational information on workplace recovery breaks and does not constitute medical diagnosis, treatment, or professional advice.",
36,SAFE_AS_IS,NONE,Workload Boundaries And Recovery Time In Modern Workplaces,Research by the WHO and APA indicates that maintaining clear workload boundaries and sufficient recovery time is essential for managing occupational fatigue and supporting overall well-being.,"1. क्या आपको महसूस होता है कि लगातार काम करने से recovery का समय कम हो जाता है? | 2. World Health Organization और NIOSH की research बताती है कि लंबी work hours से fatigue बढ़ सकती है। | 3. APA की report के अनुसार, work और non-work के बीच boundaries रखना well-being के लिए बहुत important है। | 4. जब workload की limits तय नहीं होतीं, तो body और mind को proper rest नहीं मिल पाता। | 5. Research यह भी दर्शाती है कि daily routine में small pauses और offline time fatigue को manage करने में मदद कर सकते हैं। | 6. इसलिए, professional boundaries और recovery periods को prioritize करना एक helpful habit बन सकती है। | 7. Disclaimer: यह content केवल general education के लिए है और यह किसी professional medical advice का विकल्प नहीं है।","Research from organizations like WHO and APA highlights the connection between workload boundaries, recovery time, and well-being. Establishing clear limits between work and personal time can support recovery from daily occupational fatigue. \\n\\nDisclaimer: Educational purposes only. Not medical advice. Consult a healthcare professional for guidance.\\n\\n#WorkplaceWellness #RecoveryTime #OccupationalHealth #WorkLifeBalance #WellBeing #MentalHealth",#WorkplaceWellness #RecoveryTime #OccupationalHealth #WorkLifeBalance #MentalHealth #WorkBoundaries #PublicHealth,"A split visual contrasting an open laptop with a calm indoor recovery space, reflecting occupational health research themes.",This content provides general educational information on workplace boundaries and recovery time and does not offer medical diagnoses or personalized health advice.,
37,SAFE_WITH_EDITS,prescriptive phrasing in narration; directive guidance,Understanding The Role Of Practical Social Support,Research indicates that perceived social support and practical assistance from trusted networks can help buffer stress and support psychological well-being.,"1. कभी-कभी जीवन में तनाव बहुत बढ़ जाता है और सभी जिम्मेदारियों को अकेले संभालना चुनौतीपूर्ण लग सकता है। | 2. Research दर्शाती है कि social support, विशेष रूप से practical help और assistance, stress को कम करने में सहायक हो सकती है। | 3. जब व्यक्ति अपने trusted network से जुड़े रहते हैं, तो daily burden और मानसिक दबाव को प्रबंधित करने में मदद मिलती है। | 4. Studies से यह भी पता चलता है कि perceived social support resilience यानी मानसिक दृढ़ता को बढ़ाने में योगदान देती है। | 5. यह समझना महत्वपूर्ण है कि समर्थन चाहना या कठिनाइयों को साझा करना मानवीय अनुभव का एक स्वाभाविक हिस्सा है। | 6. Disclaimer: यह सामग्री केवल सामान्य शिक्षा के उद्देश्य से है और यह किसी भी चिकित्सीय या मानसिक स्वास्थ्य सलाह का विकल्प नहीं है। | 7. किसी भी व्यक्तिगत चिंता या स्वास्थ्य संबंधी प्रश्न के लिए हमेशा योग्य पेशेवर या चिकित्सक से परामर्श करें।",जीवन के तनावपूर्ण क्षणों में अकेले सब कुछ संभालना कठिन लग सकता है। Research दर्शाती है कि trusted networks से practical support प्राप्त करना stress को buffer करने में मदद कर सकता है।\n\nDisclaimer: Educational purposes only. Not professional mental health or medical advice. Consult a healthcare professional for guidance.\n\n#SocialSupport #MentalHealth #StressRelief #PracticalHelp #WellBeing #MentalWellness #SelfCare,#SocialSupport #MentalHealth #StressRelief #PracticalHelp #WellBeing #MentalWellness #SelfCare,"A clean, calm visual showing a person discussing daily tasks and sharing responsibilities with a supportive friend over coffee.","This content provides general educational information on social support and is not a substitute for professional mental health diagnosis, treatment, or medical advice.",
38,SAFE_AS_IS,NONE,The Science and Impact of Active Listening in Daily Conversations,Psychological research indicates that active listening involving full attention and validation can reduce interpersonal uncertainty and foster trust in daily communication.,"1. अक्सर हम बातचीत में सिर्फ जवाब देने के लिए सुनते हैं, पर active listening का मतलब है पूरी तरह present रहना। | 2. Research describe करती है कि जब हम speaker को undivided attention देते हैं, तो communication में misunderstanding कम होती है। | 3. Active listening में non-verbal cues जैसे nodding और eye contact से speaker को valued feel होता है। | 4. Studies show करती हैं कि reflective questioning से interpersonal relationships में trust और empathy build हो सकती है। | 5. Everyday conversations में distractions हटाकर सुनना relationships को positively shape कर सकता है। | 6. यह एक skill है जो deliberate practice से improve हो सकती है और conversation outcomes को enhance करती है। | 7. Disclaimer: यह content केवल general education के लिए है और व्यक्तिगत मार्गदर्शन के लिए qualified professional से परामर्श करें।",क्या आपकी daily conversations में active listening शामिल है? Communication research बताती है कि पूरी तरह present रहकर सुनने से relationships में trust और understanding बेहतर हो सकती है। जानिए कैसे छोटे बदलाव communication को बेहतर बनाते हैं।\\n\\nDisclaimer: Educational purposes only. Not professional advice. Consult a qualified professional for guidance.\\n\\n#ActiveListening #CommunicationSkills #MindfulCommunication #InterpersonalSkills #PsychologyResearch #HealthyRelationships #DailyConversations,#ActiveListening #CommunicationSkills #MindfulCommunication #InterpersonalSkills #PsychologyResearch #HealthyRelationships #DailyConversations,"A warm, focused close-up of two people conversing calmly in a natural setting, demonstrating engaged eye contact and active listening.","This content provides general educational insights on active listening and communication psychology, and is not intended to replace professional counseling, therapy, or individual communication coaching.",
39,SAFE_WITH_EDITS,"prescriptive phrasing (\""try\""); lifestyle recommendation framing",Understanding Social Connections And Shared Meals,Research from Oxford University and the World Happiness Report associates regular shared meals with enhanced social connection and life satisfaction.,"1. क्या आप जानते हैं कि साथ बैठकर खाना सिर्फ भोजन से जुड़ा नहीं है, बल्कि यह हमारे सामाजिक संबंधों से भी जुड़ सकता है? | 2. ऑक्सफोर्ड यूनिवर्सिटी और वर्ल्ड हैप्पीनेस रिपोर्ट के अध्ययन बताते हैं कि मिल-जुलकर भोजन करने से सोशल कनेक्शन मजबूत हो सकते हैं। | 3. रिसर्च दर्शाती है कि जो लोग नियमित रूप से दूसरों के साथ मिलकर खाते हैं, वे जीवन से अधिक संतुष्टि महसूस कर सकते हैं। | 4. साथ में खाने से आपसी विश्वास और अपनेपन की भावना को बढ़ावा मिल सकता है, जो सामान्य वेलबीइंग के लिए सहायक है। | 5. इस संबंध को समझना हमें यह दिखाता है कि हमारे सामाजिक तौर-तरीके हमारे मूड और दैनिक अनुभवों को कैसे प्रभावित कर सकते हैं। | 6. यह अध्ययन केवल सामाजिक व्यवहार और जीवन की गुणवत्ता के बीच के रुझानों को रेखांकित करता है। | 7. यह वीडियो केवल सामान्य शिक्षा और जानकारी के लिए है; यह किसी भी प्रकार की चिकित्सीय सलाह, निदान या उपचार का विकल्प नहीं है।",Research from Oxford University and the World Happiness Report highlights how shared meals and social connection are associated with overall well-being and life satisfaction. Eating together can build community trust and foster positive social bonds based on sociological findings. Note: This content is for general education only and does not constitute medical or health advice.,#SharedMeals #SocialConnection #MentalWellbeing #PublicHealth #CommunityWellbeing #WellbeingResearch #SocialScience,A warm overhead shot of people gathering around a shared dining table with various dishes in a natural light setting.,This content provides general educational information on social connection and shared meals only and is not a substitute for professional medical or mental health guidance.,
40,SAFE_WITH_EDITS,NONE,Volunteering And Social Connection For General Well-Being,"Research from institutions like Mayo Clinic and Harvard Health suggests that volunteering can foster meaningful social connections, reduce feelings of loneliness, and support everyday well-being.","1. कभी-कभी अकेलापन महसूस होना सामान्य है, और research बताती है कि social connections हमारी well-being के लिए महत्वपूर्ण हैं। | 2. Mayo Clinic और Harvard Health की studies के अनुसार, volunteering से meaningful social ties और community support मिल सकते हैं। | 3. जब लोग community activities में हिस्सा लेते हैं, तो नए relationships बनने में मदद मिलती है। | 4. इस तरह के social interactions से loneliness और stress feelings को reduce करने में support मिल सकता है। | 5. इसके अलावा, group involvement से sense of purpose और positive engagement को बढ़ावा मिल सकता है। | 6. ध्यान रखें कि हर व्यक्ति का अनुभव अलग हो सकता है, और यह जानकारी केवल सामान्य शिक्षा के लिए है। | 7. Disclaimer: यह वीडियो केवल general education के लिए है; किसी भी health concern के लिए qualified healthcare professional से consult करें।","Research from institutions like Mayo Clinic and Harvard Health suggests that volunteering can foster meaningful social connections and support general well-being. By engaging in community activities, individuals may build supportive relationships and reduce feelings of isolation. This reel explores general public health findings around social connection. Disclaimer: Educational purposes only. Not medical advice. Consult a healthcare professional for personalized guidance. #Volunteering #SocialConnection #CommunityCare #PublicHealth #WellBeing #Research #HealthEducation",#Volunteering #SocialConnection #CommunityCare #PublicHealth #WellBeing #Research #HealthEducation,"A clean, warm-toned minimalist shot of two people planting a tree together in a community garden.","This content provides general educational information on volunteering and social connection and does not constitute medical diagnosis, treatment, or professional health advice.",
41,SAFE_AS_IS,NONE,Morning Planning and Realistic Priorities for Daily Well-being,Structured morning planning and realistic daily priorities can support stress management and general well-being by reducing decision fatigue.,"1. सुबह की शुरुआत planning के साथ करना क्या आपके लिए helpful हो सकता है? | 2. Research describes कि daily routines और small, realistic priorities set करने से decision fatigue reduce हो सकती है। | 3. Harvard Health के अनुसार, अपने day को manage करने के लिए manageable steps चुनना stress को manage करने में a supportive cue बन सकता है। | 4. APA भी highlight करता है कि habits को step-by-step build करना long-term well-being के लिए effective हो सकता है। | 5. इसलिए morning में unrealistic goals बनाने की बजाय, small और practical milestones पर focus करना beneficial हो सकता है। | 6. हर individual की needs अलग होती हैं, इसलिए अपने pace के अनुसार routines adjust करना sensible रहता है। | 7. Disclaimer: यह content केवल general education के लिए है और व्यक्तिगत मार्गदर्शन के लिए qualified healthcare professional से consult करें।","Morning planning and realistic priorities may help reduce daily stress and decision fatigue. Research from Harvard Health and APA indicates that starting small with structured routines supports long-term well-being. How do you plan your day? Let us know below.\\n\\nDisclaimer: Educational content only, not medical advice. Consult a healthcare professional for guidance.",#MorningRoutine #ProductivityTips #MentalHealth #WellBeing #StressManagement #HealthyHabits #MindfulLiving,"A clean, minimalist flat lay of a notebook with a simple daily checklist and a cup of tea by a window with soft morning light.","This content provides general educational information on morning routines and is not a substitute for professional medical or psychological advice, diagnosis, or treatment.",
42,SAFE_WITH_EDITS,potential overstatement of sleep speed; minor wording refinement applied,Evening Reflection and Cognitive Offloading for Better Sleep,"Research indicates that evening reflection and cognitive offloading through bedtime writing can help organize thoughts, reduce cognitive arousal, and support healthy sleep transitions.","1. क्या रात को सोने से पहले दिन भर के thoughts आपके mind में घूमते रहते हैं? Research बताती है कि evening reflection एक natural mental transition हो सकती है। | 2. दिन के अंत में thoughts और tasks को paper पर लिखना cognitive offloading कहलाता है, जो mental load को reduce करने में help कर सकता है। | 3. Studies suggest करती हैं कि bedtime writing से active thinking calm होती है और sleep onset processes को support मिलता है। | 4. अपनी daily achievements या pending tasks को note down करके आप एक clear psychological closure create कर सकते हैं। | 5. यह routine brain को signal देने में help करती है कि day over हो चुका है और body rest के लिए prepare हो सकती है। | 6. Disclaimer: यह content केवल general education और awareness के लिए है, किसी medical condition का diagnosis नहीं है। | 7. व्यक्तिगत स्वास्थ्य मार्गदर्शन के लिए हमेशा किसी qualified healthcare professional से consult करें।",Raat ko sone se pehle din bhar ke thoughts ko unwind karna sleep quality ko support kar sakta hai. Research kehti hai ki evening reflection aur cognitive offloading mental load ko reduce karne mein help karte hain. Yeh video educational awareness ke liye hai aur medical advice nahi hai. #EveningReflection #SleepHygiene #CognitiveOffloading #MentalWellness #HealthEducation #Mindfulness #SleepHealth,#EveningReflection #SleepHygiene #CognitiveOffloading #MentalWellness #HealthEducation #Mindfulness #SleepHealth,A peaceful room at dusk with a notebook and pen resting on a bedside table under soft warm lighting.,"This content is for general educational awareness only and does not provide medical diagnosis, treatment, or personalized healthcare advice.",
43,SAFE_WITH_EDITS,Blank canonical title in draft; title populated for production,How Daytime Outdoor Light Supports Your Circadian Rhythm,Research from the National Institutes of Health indicates that daytime outdoor light exposure acts as a natural environmental cue supporting healthy circadian rhythms and sleep quality.,"1. क्या आप जानते हैं कि दिन के समय बाहर बिताना हमारी आंतरिक घड़ी यानी circadian clock के लिए एक ज़रूरी cue हो सकता है? | 2. National Institutes of Health और peer-reviewed research के अनुसार, natural daylight हमारी body clock को align करने में मदद करती है। | 3. जब हम दिन में outdoor light लेते हैं, तो यह sleep-wake cycle को बेहतर बनाने और alertness बढ़ाने में सहायक हो सकती है। | 4. Studies यह भी दिखाती हैं कि daytime outdoor exposure से mood और sleep quality पर positive असर पड़ सकता है। | 5. इसका मतलब है कि रोज़मर्रा की routine में थोड़ा समय बाहर बिताना healthy circadian rhythm को सपोर्ट कर सकता है। | 6. यह वीडियो केवल general-education के उद्देश्य से है और यह professional medical advice का विकल्प नहीं है। | 7. किसी भी personal health query के लिए हमेशा अपने doctor या qualified healthcare provider से संपर्क करें।",Daytime outdoor light exposure can serve as a natural environmental cue supporting your circadian rhythm and sleep health. Research notes associations with improved sleep quality and alertness. This content is for general education only and does not constitute medical advice. Consult a healthcare professional for personal guidance. #CircadianRhythm #SleepHealth #Daylight #Wellness #PublicHealth #HealthyHabits #ScienceEducation,#CircadianRhythm #SleepHealth #Daylight #Wellness #PublicHealth #HealthyHabits #ScienceEducation,"A bright daylight scene showing a person walking outdoors in natural sunlight, emphasizing circadian health concepts.",This content provides general scientific education on circadian rhythms and is not a substitute for professional medical diagnosis or personalized healthcare advice.,
44,SAFE_WITH_EDITS,NONE,The Science Of Consistent Meal Breaks During Busy Workdays,"Structured work breaks and consistent meal timing during demanding days may support cognitive performance, reduce work-related stress, and encourage balanced everyday nutrition.","1. व्यस्त दिनों में consistent meal breaks लेना आपकी everyday routine के लिए क्यों महत्वपूर्ण हो सकता है? | 2. Research indicate करती है कि hectic schedule के दौरान scheduled breaks से focus और overall well-being बेहतर हो सकती है। | 3. लगातार काम करने से मानसिक थकान और stress levels बढ़ सकते हैं, जिससे daily habits पर असर पड़ता है। | 4. Public health sources के अनुसार, समय पर break लेने से mindful eating और energy balance को support मिल सकता है। | 5. अपने काम के घंटों में छोटे और व्यावहारिक breaks plan करना workplace wellness का एक सामान्य हिस्सा है। | 6. Disclaimer: यह video केवल general-education awareness के लिए है और यह किसी medical diagnosis या treatment का विकल्प नहीं है। | 7. किसी भी personal health decision या diet change से पहले हमेशा qualified healthcare professional से consult करें।","व्यस्त दिनों में consistent meal breaks का क्या महत्व हो सकता है? Harvard T.H. Chan School of Public Health और public health research के अनुसार, scheduled breaks से focus, stress management और everyday nutrition balance को support मिल सकता है।\n\nDisclaimer: Educational purposes only. Not medical advice. Consult a healthcare professional for personalized guidance.\n\n#WorkplaceWellness #MealBreaks #HealthyHabits #NutritionScience #WorkplaceHealth #MindfulEating #Productivity",#WorkplaceWellness #MealBreaks #HealthyHabits #NutritionScience #WorkplaceHealth #MindfulEating #Productivity,A split visual layout showing a busy office desk workspace on one side and a balanced meal box on the other.,"This content provides general educational information on work breaks and nutrition and does not constitute medical diagnosis, nutritional prescription, or professional health advice.",
45,SAFE_WITH_EDITS,minor dietary example framing adjusted; claim length adjustment,Balancing Snacks: Combining Food Groups for Satiety,"Research suggests that combining food groups, such as pairing protein with fiber-rich sources, may enhance satiety and support sustained fullness compared to single-nutrient snacks.","1. क्या आपको भी भोजन के बीच में बार-बार भूख महसूस होती है? | 2. रिसर्च दर्शाती है कि snacks में protein और fiber को combine करने से satiety बेहतर हो सकती है। | 3. उदाहरण के लिए, fiber और protein वाले food sources को साथ रखने से digestion process balanced रह सकती है। | 4. यह combination blood sugar को stable रखने में मदद कर सकता है और fullness की feeling बढ़ाता है। | 5. हर व्यक्ति की nutritional needs अलग होती हैं, इसलिए अपने शरीर के संकेतों को समझना जरूरी है। | 6. Disclaimer: यह जानकारी केवल general education के लिए है और किसी medical condition का diagnosis नहीं है। | 7. अपनी स्वास्थ्य स्थिति से जुड़े किसी भी सवाल के लिए हमेशा qualified healthcare professional से consult करें।","बैलेंसड स्नैक्स और satiety के संबंध को समझें। रिसर्च बताती है कि protein और fiber वाले food groups को एक साथ लेने से fullness में मदद मिल सकती है। Disclaimer: For general education only, not medical advice. #HealthySnacks #NutritionEducation #Satiety #BalancedDiet #HealthTips #Wellness",#HealthySnacks #NutritionScience #BalancedDiet #Satiety #HealthEducation #WellnessTips #DietaryHabits,"A clean, bright flat lay of a balanced snack bowl featuring yogurt, fresh berries, and raw nuts on a wooden surface.","This content provides general educational information about food pairing and satiety, and is not a substitute for professional medical or nutritional advice.",
46,SAFE_WITH_EDITS,NONE,How Kitchen Environment Cues Shape Daily Food Choices,Research indicates that visual cues and organization in kitchen environments can influence everyday food choices and dietary behaviors.,"1. क्या आपने कभी सोचा है कि आपका kitchen environment आपकी food choices को कैसे प्रभावित करता है? | 2. Research दर्शाती है कि kitchen में visual cues और organization eating habits पर असर डाल सकते हैं। | 3. सामने दिखने वाले packaged snacks या visible food items snack intake को बढ़ावा दे सकते हैं। | 4. इसके विपरीत, clean spaces और visible fresh options जैसे fruits healthier choices में मदद कर सकते हैं। | 5. Environment का यह subconscious influence हमारी daily habits और nutrition decisions को आकार देता है। | 6. यह वीडियो केवल general health education और awareness के लिए है, किसी medical condition का diagnosis नहीं। | 7. अपने खान-पान या health से जुड़े किसी भी सवाल के लिए हमेशा qualified healthcare professional से परामर्श करें।","Did you know your kitchen environment can shape daily food choices? Behavioral research explores how visual cues and organization impact eating habits. Organizing spaces mindfully may support healthier choices, though individual experiences vary.\\n\\nDisclaimer: Educational content only, not medical advice. Consult a healthcare professional for personalized guidance.\\n\\n#KitchenEnvironment #FoodChoices #HealthEducation #BehavioralScience #MindfulEating #NutritionTips #PublicHealth",#KitchenEnvironment #FoodChoices #HealthEducation #BehavioralScience #MindfulEating #NutritionTips #PublicHealth,A clean split shot comparing a cluttered kitchen counter featuring packaged snacks with an organized counter displaying fresh fruit.,This content provides general educational information on environmental cues and does not constitute medical advice or personalized nutritional guidance.,
47,SAFE_WITH_EDITS,NONE,Movement Snacks And Brief Daily Activity Benefits,Short bouts of intermittent physical activity throughout the day can help interrupt prolonged sedentary time and support overall cardiorespiratory fitness.,"1. आजकल हमारा दिन ज्यादातर बैठकर बीत जाता है, और लंबे समय तक डेस्क पर काम करना आम हो गया है। | 2. Research describe करती है कि दिनभर में छोटे-छोटे physical activity के bouts, यानी movement snacks, स्वास्थ्य के लिए सहायक हो सकते हैं। | 3. ये brief movement snacks जैसे stairs का उपयोग करना या light stretching, cardiorespiratory fitness को improve करने में मदद कर सकते हैं। | 4. Studies indicate करती हैं कि ये छोटे breaks sedentary behavior को interrupt करके cardiometabolic health को support कर सकते हैं। | 5. दैनिक जीवन में इस तरह के छोटे movement intervals को शामिल करना sedentary time को कम करने का एक व्यावहारिक तरीका माना जाता है। | 6. यह वीडियो केवल सामान्य स्वास्थ्य शिक्षा और जागरूकता के लिए है, और यह किसी भी चिकित्सीय निदान या उपचार का विकल्प नहीं है। | 7. अपनी व्यक्तिगत स्वास्थ्य स्थिति के अनुसार किसी भी नई शारीरिक गतिविधि को शुरू करने से पहले योग्य स्वास्थ्य पेशेवर से परामर्श करें।",Curious about how brief movement throughout the day can support your routine? Recent research explores 'movement snacks'—short bouts of physical activity—as a time-efficient way to interrupt sedentary time and support overall fitness. Every little bit counts! Disclaimer: This content is for general education purposes only and does not constitute medical advice. Always consult a healthcare professional before starting any new activity routine. #MovementSnacks #PhysicalActivity #HealthAndWellness #FitnessEducation #ActiveLiving #SedentaryBehavior #PublicHealth,#MovementSnacks #PhysicalActivity #HealthAndWellness #FitnessEducation #ActiveLiving #SedentaryBehavior #PublicHealth,A minimalist split frame showing a person working at a desk on one side and taking a brief stair-climbing or stretching break on the other.,"This content provides general educational information on physical activity concepts and is not intended to diagnose, treat, or provide personalized medical advice.",
48,SAFE_WITH_EDITS,potential direct address phrasing,Understanding Social Jet-Lag And Weekend Routine Shifts,"Significant discrepancies between weekday and weekend sleep schedules, known as social jetlag, can disrupt circadian rhythms and impact daily alertness and mood.","1. क्या आपने कभी गौर किया है कि weekend पर देर तक सोने से Monday सुबह उठना कितना मुश्किल होता है? | 2. Research बताती है कि weekday और weekend के sleep schedule में बड़ा अंतर होने पर इसे social jet-lag कहा जाता है। | 3. जब हमारी internal biological clock और social routine में mismatch होता है, तो circadian rhythm प्रभावित हो सकता है। | 4. इस तरह के weekend routine shifts से alertness, mood और daily energy levels पर असर पड़ सकता है। | 5. कुछ studies के अनुसार, sleep schedule में consistency बनाए रखने से natural rest cycle को maintain करने में मदद मिलती है। | 6. Sleep patterns को समझने से circadian alignment और overall well-being को बेहतर ढंग से ट्रैक किया जा सकता है। | 7. Disclaimer: यह content केवल general education के लिए है और यह medical advice या diagnosis का विकल्प नहीं है; किसी भी चिंता के लिए डॉक्टर से consult करें।",Weekend par sleep schedule mein bada badlaav social jet-lag ka karan ban sakta hai. Research batati hai ki weekday aur weekend ki timing mein zyada antar circadian rhythm aur daily alertness ko prabhavit kar sakta hai. Jaaniye kaise routine shifts aapki energy ko asar daalte hain.\\n\\nDisclaimer: For general education only; not medical advice. Consult a healthcare professional for persistent concerns.\\n\\n#SocialJetLag #SleepSchedule #CircadianRhythm #SleepHealth #Wellness #HealthEducation #SleepAwareness,#SocialJetLag #SleepSchedule #CircadianRhythm #SleepHealth #Wellness #HealthEducation #SleepAwareness,A split-screen minimalist clock graphic comparing a structured weekday alarm time with an irregular weekend sleep schedule.,This content provides general educational awareness regarding circadian rhythms and sleep patterns and does not constitute medical diagnosis or personalized clinical advice.,
49,SAFE_WITH_EDITS,NONE,Gentle Stretching And Movement Variety For Daily Mobility,"Research from Harvard Health and Mayo Clinic indicates that gentle stretching and varied movement patterns can support joint range of motion, flexibility, and everyday physical ease.","1. क्या आपने कभी गौर किया है कि gentle stretching से body में movement variety कैसे मदद कर सकती है? | 2. Harvard Health और Mayo Clinic की research के अनुसार, regular stretching joints के range of motion को maintain रखने में सहायक होती है। | 3. जब हम daily routine में diverse movements शामिल करते हैं, तो muscles की stiffness को कम करने में मदद मिल सकती है। | 4. ये gentle movements flexibility और overall physical ease को support करते हैं। | 5. ध्यान रखें कि हर व्यक्ति की physical condition अलग होती है, इसलिए अपनी comfort range के अनुसार ही stretch करें। | 6. यह वीडियो केवल general health education और awareness के लिए है। | 7. किसी भी नई fitness routine को शुरू करने से पहले qualified healthcare professional से परामर्श करें।","Gentle stretching and movement variety can support joint flexibility and overall mobility, as noted by Harvard Health and Mayo Clinic. Incorporating diverse movement patterns encourages healthy tissue pliability. Always listen to your body and adjust movements to your comfort level.\n\nDisclaimer: Educational purposes only. Not medical advice. Consult a healthcare professional for personalized guidance.\n\n#GentleStretching #Mobility #MovementVariety #StretchingRoutine #HealthyAging #FitnessEducation #JointHealth",#GentleStretching #Mobility #MovementVariety #StretchingRoutine #HealthyAging #FitnessEducation #JointHealth,"A calm, well-lit indoor setting showing a person gently stretching arms and shoulders with relaxed posture.",This content provides general educational information on stretching and movement variety only and does not offer medical advice or personal exercise prescriptions.,
50,SAFE_WITH_EDITS,NONE,Building Routines Around Personal Identity And Values,Behavioral science research indicates that aligning daily habits with core personal values and identity can support sustained behavior change and long-term habit stability.,"1. Kya aapne kabhi socha hai ki kuch habits ko stick karna itna mushkil kyun lagta hai? | 2. Psychological research suggest karti hai ki jab routines hamari personal identity aur core values se align hoti hain, toh habit building mein madad mil sakti hai. | 3. Jab aap har action ko apne values ka reflection maante hain, toh consistency maintain karna thoda aasan ho sakta hai. | 4. Iska matlab hai ki sirf goals set karne ke bajaye, apne daily actions ko apni desired identity ke sath connect karna. | 5. Research yeh bhi describe karti hai ki small, value-driven cues daily environment mein automatic behaviors ko foster kar sakte hain. | 6. Yaad rakhiye, yeh ek gradual process hai jisme har vyakti ka experience alag ho sakta hai aur koi fixed timeline nahi hoti. | 7. Disclaimer: Yeh educational video sirf general information ke liye hai aur professional medical ya psychological advice nahi hai.","Exploring how personal identity and core values intersect with daily routines and habit formation. Behavioral research highlights that aligning everyday actions with a sense of identity can support gradual, sustained behavioral shifts over time. Notice how small, value-aligned cues can influence habit stability. Disclaimer: General educational content only; not professional medical or psychological advice. #HabitFormation #BehavioralScience #PersonalGrowth #Values #Psychology #Routine",#HabitFormation #BehavioralScience #PersonalGrowth #Values #Psychology #Routine #SelfImprovement,A clean minimalist desk setup with a notebook showing reflection notes next to a plant under natural daylight.,This content provides general educational insights on habit formation and does not offer medical diagnosis or personalized psychological advice.,
